Id;School;Mascot;Abbreviation;Alt Name1;Alt Name2;Alt Name3;Conference;Division;Color;Alt Color;Logos[0];Logos[1];Twitter;Location Venue Id;Location Name;Location City;Location State;Location Zip;Location Country Code;Location Timezone;Location Latitude;Location Longitude;Location Elevation;Location Capacity;Location Year Constructed;Location Grass;Location Dome
2005;Air Force;Falcons;AFA;;AFA;Air Force;Mountain West;;#004a7b;#ffffff;http://a.espncdn.com/i/teamlogos/ncaa/500/2005.png;http://a.espncdn.com/i/teamlogos/ncaa/500-dark/2005.png;@AF_Football;3713;Falcon Stadium;Colorado Springs;CO;80840;US;America/Denver;389.969.701;-1.048.436.165;2.024.875.732;46692;1962;FALSE;FALSE
2006;Akron;Zips;AKR;;AKR;Akron;Mid-American;;#00285e;#84754e;http://a.espncdn.com/i/teamlogos/ncaa/500/2006.png;http://a.espncdn.com/i/teamlogos/ncaa/500-dark/2006.png;@ZipsFB;3768;Summa Field at InfoCision Stadium;Akron;OH;44399;US;America/New_York;410.725.534;-815.083.408;3.212.875.061;30000;2009;FALSE;FALSE
333;Alabama;Crimson Tide;ALA;;ALA;Alabama;SEC;;#9e1632;#ffffff;http://a.espncdn.com/i/teamlogos/ncaa/500/333.png;http://a.espncdn.com/i/teamlogos/ncaa/500-dark/333.png;@AlabamaFTBL;3657;Bryant Denny Stadium;Tuscaloosa;AL;35487;US;America/Chicago;332.082.752;-875.503.836;7.005.136.108;101821;1929;TRUE;FALSE
2026;Appalachian State;Mountaineers;APP;;APP;Appalachian St;Sun Belt;East;#000000;#ffcd00;http://a.espncdn.com/i/teamlogos/ncaa/500/2026.png;http://a.espncdn.com/i/teamlogos/ncaa/500-dark/2026.png;@AppState_FB;3792;Kidd Brewer Stadium;Boone;NC;28608;US;America/New_York;362.114.267;-816.854.278;9.913.414.307;30000;1962;FALSE;FALSE
12;Arizona;Wildcats;ARIZ;;ARIZ;Arizona;Big 12;;#0c234b;#ab0520;http://a.espncdn.com/i/teamlogos/ncaa/500/12.png;http://a.espncdn.com/i/teamlogos/ncaa/500-dark/12.png;@ArizonaFBall;3619;Arizona Stadium;Tucson;AZ;85721;US;America/Phoenix;322.288.054;-1.109.488.677;7.421.530.151;50782;1928;FALSE;FALSE
9;Arizona State;Sun Devils;ASU;;ASU;Arizona State;Big 12;;#8e0c3a;#ffc72c;http://a.espncdn.com/i/teamlogos/ncaa/500/9.png;http://a.espncdn.com/i/teamlogos/ncaa/500-dark/9.png;@ASUFootball;3947;Sun Devil Stadium;Tempe;AZ;85287;US;America/Phoenix;334.264.471;-1.119.325.005;3.601.569.519;65870;1958;TRUE;FALSE
8;Arkansas;Razorbacks;ARK;;ARK;Arkansas;SEC;;#a41f35;#ffffff;http://a.espncdn.com/i/teamlogos/ncaa/500/8.png;http://a.espncdn.com/i/teamlogos/ncaa/500-dark/8.png;@RazorbackFB;3887;Donald W. Reynolds Razorback Stadium Frank Broyles Field;Fayetteville;AR;72702;US;America/Chicago;360.680.662;-941.789.534;4.037.972.412;80000;1938;FALSE;FALSE
2032;Arkansas State;Red Wolves;ARST;;ARST;Arkansas State;Sun Belt;West;#e81018;#000000;http://a.espncdn.com/i/teamlogos/ncaa/500/2032.png;http://a.espncdn.com/i/teamlogos/ncaa/500-dark/2032.png;@AStateFB;3625;Centennial Bank Stadium;Jonesboro;AR;72404;US;America/Chicago;358.488.977;-906.677.436;8.952.690.887;30382;1974;FALSE;FALSE
349;Army;Black Knights;ARMY;;ARMY;Army;American Athletic;;#ce9c00;#231f20;http://a.espncdn.com/i/teamlogos/ncaa/500/349.png;http://a.espncdn.com/i/teamlogos/ncaa/500-dark/349.png;@ArmyWP_Football;3841;Blaik Field at Michie Stadium;West Point;NY;10996;US;America/New_York;413.874.924;-739.640.891;9.921.277.618;38000;1924;FALSE;FALSE
2;Auburn;Tigers;AUB;;AUB;Auburn;SEC;;#002b5c;#f26522;http://a.espncdn.com/i/teamlogos/ncaa/500/2.png;http://a.espncdn.com/i/teamlogos/ncaa/500-dark/2.png;@AuburnFootball;3785;Jordan-Hare Stadium;Auburn;AL;36849;US;America/Chicago;326.025.532;-854.897.479;2.011.737.976;87451;1939;TRUE;FALSE
2050;Ball State;Cardinals;BALL;;BALL;Ball State;Mid-American;;#DA0000;#ffffff;http://a.espncdn.com/i/teamlogos/ncaa/500/2050.png;http://a.espncdn.com/i/teamlogos/ncaa/500-dark/2050.png;@BallStateFB;3919;Scheumann Stadium;Muncie;IN;47306;US;America/Indiana/Indianapolis;402.159.422;-854.161.148;285.481.781;22500;1967;FALSE;FALSE
239;Baylor;Bears;BAY;;BAY;Baylor;Big 12;;#154734;#ffb81c;http://a.espncdn.com/i/teamlogos/ncaa/500/239.png;http://a.espncdn.com/i/teamlogos/ncaa/500-dark/239.png;@BUFootball;4727;McLane Stadium;Waco;TX;76704;US;America/Chicago;315.582.015;-971.156.702;1.170.538.101;45140;2014;FALSE;FALSE
68;Boise State;Broncos;BSU;;BSU;Boise State;Mountain West;;#0033a0;#fa4616;http://a.espncdn.com/i/teamlogos/ncaa/500/68.png;http://a.espncdn.com/i/teamlogos/ncaa/500-dark/68.png;@BroncoSportsFB;3653;Albertsons Stadium;Boise;ID;83725;US;America/Boise;436.028.839;-1.161.958.882;8.232.221.069;36387;1970;FALSE;FALSE
103;Boston College;Eagles;BC;;BC;Boston College;ACC;;#8c2232;#dbcca6;http://a.espncdn.com/i/teamlogos/ncaa/500/103.png;http://a.espncdn.com/i/teamlogos/ncaa/500-dark/103.png;@BCFootball;3615;Alumni Stadium;Chestnut Hill;MA;2467;US;America/New_York;42.335.104;-711.664.413;3.982.634.354;44500;1957;FALSE;FALSE
189;Bowling Green;Falcons;BGSU;Bowling Green State;BGSU;Bowling Green;Mid-American;;#2b1000;#492000;http://a.espncdn.com/i/teamlogos/ncaa/500/189.png;http://a.espncdn.com/i/teamlogos/ncaa/500-dark/189.png;@BG_Football;3700;Doyt Perry Stadium;Bowling Green;OH;43403;US;America/New_York;413.780.114;-836.225;2.059.057.465;24000;1966;FALSE;FALSE
2084;Buffalo;Bulls;BUFF;;BUFF;Buffalo;Mid-American;;#041A9B;#ebebeb;http://a.espncdn.com/i/teamlogos/ncaa/500/2084.png;http://a.espncdn.com/i/teamlogos/ncaa/500-dark/2084.png;@UBFootball;3965;UB Stadium;Amherst;NY;14260;US;America/New_York;429.991.334;-787.775.113;1.815.759.735;30270;1993;FALSE;FALSE
252;BYU;Cougars;BYU;Brigham Young;BYU;BYU;Big 12;;#003da5;#ffffff;http://a.espncdn.com/i/teamlogos/ncaa/500/252.png;http://a.espncdn.com/i/teamlogos/ncaa/500-dark/252.png;@BYUFootball;3801;LaVell Edwards Stadium;Provo;UT;84602;US;America/Denver;402.575.347;-1.116.545.247;1.412.097.046;63470;1964;TRUE;FALSE
25;California;Golden Bears;CAL;;CAL;Cal;ACC;;#031522;#ffc423;http://a.espncdn.com/i/teamlogos/ncaa/500/25.png;http://a.espncdn.com/i/teamlogos/ncaa/500-dark/25.png;@CalFootball;3831;California Memorial Stadium;Berkeley;CA;94720;US;America/Los_Angeles;378.710.434;-1.222.507.729;1.253.108.063;62467;1923;FALSE;FALSE
2117;Central Michigan;Chippewas;CMU;;CMU;Cent Michigan;Mid-American;;#6a0032;#ffc82e;http://a.espncdn.com/i/teamlogos/ncaa/500/2117.png;http://a.espncdn.com/i/teamlogos/ncaa/500-dark/2117.png;@CMU_Football;3786;Kelly/Shorts Stadium;Mount Pleasant;MI;48859;US;America/Detroit;435.777.313;-847.709.904;2.409.007.721;30255;1972;FALSE;FALSE
2429;Charlotte;49ers;CHAR;;CHAR;Charlotte;American Athletic;;#ffffff;#cfab7a;http://a.espncdn.com/i/teamlogos/ncaa/500/2429.png;http://a.espncdn.com/i/teamlogos/ncaa/500-dark/2429.png;@CharlotteFTBL;4418;Jerry Richardson Stadium;Charlotte;NC;28223;US;America/New_York;353.105.033;-807.401.194;190.365.509;15300;2013;FALSE;FALSE
2132;Cincinnati;Bearcats;CIN;;CIN;Cincinnati;Big 12;;#000000;#717073;http://a.espncdn.com/i/teamlogos/ncaa/500/2132.png;http://a.espncdn.com/i/teamlogos/ncaa/500-dark/2132.png;@GoBearcatsFB;3854;Nippert Stadium;Cincinnati;OH;45221;US;America/New_York;391.312.495;-845.161.913;2.300.660.553;40000;1915;FALSE;FALSE
228;Clemson;Tigers;CLEM;;CLEM;Clemson;ACC;;#f56600;#522d80;http://a.espncdn.com/i/teamlogos/ncaa/500/228.png;http://a.espncdn.com/i/teamlogos/ncaa/500-dark/228.png;@ClemsonFB;3836;Memorial Stadium;Clemson;SC;29634;US;America/New_York;346.787.737;-828.432.428;2.056.452.179;81500;1942;TRUE;FALSE
324;Coastal Carolina;Chanticleers;CCU;;CCU;C. Carolina;Sun Belt;East;#007073;#876447;http://a.espncdn.com/i/teamlogos/ncaa/500/324.png;http://a.espncdn.com/i/teamlogos/ncaa/500-dark/324.png;@CoastalFootball;3654;Brooks Stadium;Conway;SC;29528;US;America/New_York;337.928.506;-790.166.946;1.374.894.905;21000;2003;FALSE;FALSE
38;Colorado;Buffaloes;COLO;;COLO;Colorado;Big 12;;#000000;#cfb87c;http://a.espncdn.com/i/teamlogos/ncaa/500/38.png;http://a.espncdn.com/i/teamlogos/ncaa/500-dark/38.png;@CUBuffsFootball;3726;Folsom Field;Boulder;CO;80309;US;America/Denver;400.094.746;-105.266.905;1.634.041.138;50183;1924;TRUE;FALSE
36;Colorado State;Rams;CSU;;CSU;Colorado State;Mountain West;;#1e4d2b;#c8c372;http://a.espncdn.com/i/teamlogos/ncaa/500/36.png;http://a.espncdn.com/i/teamlogos/ncaa/500-dark/36.png;@CSUFootball;5388;Canvas Stadium;Fort Collins;CO;80521;US;America/Denver;40.570.015;-105.088.435;1528.4;36500;2017;FALSE;FALSE
41;Connecticut;Huskies;CONN;;CONN;UConn;FBS Independents;;#0c2340;#f1f2f3;http://a.espncdn.com/i/teamlogos/ncaa/500/41.png;http://a.espncdn.com/i/teamlogos/ncaa/500-dark/41.png;@UConnFootball;3892;Rentschler Field;East Hartford;CT;6118;US;America/New_York;417.595.675;-726.187.728;6.515.614.986;40000;2003;TRUE;FALSE
150;Duke;Blue Devils;DUKE;;DUKE;Duke;ACC;;#013088;#ffffff;http://a.espncdn.com/i/teamlogos/ncaa/500/150.png;http://a.espncdn.com/i/teamlogos/ncaa/500-dark/150.png;@DukeFootball;3982;Wallace Wade Stadium;Durham;NC;27708;US;America/New_York;359.953.688;-789.417.564;1.030.028.152;40004;1929;TRUE;FALSE
151;East Carolina;Pirates;ECU;;ECU;ECU;American Athletic;;#4b1869;#f0907b;http://a.espncdn.com/i/teamlogos/ncaa/500/151.png;http://a.espncdn.com/i/teamlogos/ncaa/500-dark/151.png;@ECUPiratesFB;3699;Dowdy-Ficklen Stadium;Greenville;NC;27858;US;America/New_York;355.968.486;-77.364.564;190.564.537;50000;1963;TRUE;FALSE
2199;Eastern Michigan;Eagles;EMU;;EMU;E Michigan;Mid-American;;#00331b;#f0f0f0;http://a.espncdn.com/i/teamlogos/ncaa/500/2199.png;http://a.espncdn.com/i/teamlogos/ncaa/500-dark/2199.png;@EMUFB;3912;Rynearson Stadium;Ypsilanti;MI;48197;US;America/Detroit;42.256.126;-83.647.285;241.248.764;30200;1969;FALSE;FALSE
57;Florida;Gators;FLA;;FLA;Florida;SEC;;#0021a5;#fa4616;http://a.espncdn.com/i/teamlogos/ncaa/500/57.png;http://a.espncdn.com/i/teamlogos/ncaa/500-dark/57.png;@GatorsFB;3634;Ben Hill Griffin Stadium;Gainesville;FL;32653;US;America/New_York;296.499.357;-823.485.788;4.497.250.748;88548;1930;TRUE;FALSE
2226;Florida Atlantic;Owls;FAU;;FAU;FAU;American Athletic;;#00447c;#d31245;http://a.espncdn.com/i/teamlogos/ncaa/500/2226.png;http://a.espncdn.com/i/teamlogos/ncaa/500-dark/2226.png;@FAUFootball;3715;FAU Stadium;Boca Raton;FL;33499;US;America/New_York;263.763.763;-801.015.759;3.613.628.864;29419;2011;FALSE;FALSE
2229;Florida International;Golden Panthers;FIU;Florida Intl;FIU;FIU;Conference USA;;#001538;#c5960c;http://a.espncdn.com/i/teamlogos/ncaa/500/2229.png;http://a.espncdn.com/i/teamlogos/ncaa/500-dark/2229.png;@FIUFootball;218;FIU Stadium;Miami;FL;33199;US;America/New_York;257.525.014;-803.778.912;1.718.581.796;20000;1995;FALSE;FALSE
52;Florida State;Seminoles;FSU;;FSU;FSU;ACC;;#782F40;#ceb888;http://a.espncdn.com/i/teamlogos/ncaa/500/52.png;http://a.espncdn.com/i/teamlogos/ncaa/500-dark/52.png;@FSUFootball;3697;Bobby Bowden Field at Doak Campbell Stadium;Tallahassee;FL;32306;US;America/New_York;304.381.692;-843.044.032;1.955.942.535;79560;1950;TRUE;FALSE
278;Fresno State;Bulldogs;FRES;;FRES;Fresno State;Mountain West;;#c41230;#13284c;http://a.espncdn.com/i/teamlogos/ncaa/500/278.png;http://a.espncdn.com/i/teamlogos/ncaa/500-dark/278.png;@FresnoStateFB;3660;Bulldog Stadium;Fresno;CA;93740;US;America/Los_Angeles;368.143.527;-1.197.580.092;102.564.064;41031;1980;FALSE;FALSE
61;Georgia;Bulldogs;UGA;;UGA;Georgia;SEC;;#ba0c2f;#ffffff;http://a.espncdn.com/i/teamlogos/ncaa/500/61.png;http://a.espncdn.com/i/teamlogos/ncaa/500-dark/61.png;@GeorgiaFootball;3917;Sanford Stadium;Athens;GA;30602;US;America/New_York;339.498.197;-833.733.813;1.861.120.758;92746;1929;TRUE;FALSE
290;Georgia Southern;Eagles;GASO;;GASO;Ga Southern;Sun Belt;East;#003775;#f0f0f0;http://a.espncdn.com/i/teamlogos/ncaa/500/290.png;http://a.espncdn.com/i/teamlogos/ncaa/500-dark/290.png;@GSAthletics_FB;3608;Paulson Stadium;Statesboro;GA;30460;US;America/New_York;324.122.471;-817.849.296;6.125.376.892;25000;1984;FALSE;FALSE
2247;Georgia State;Panthers;GAST;;GAST;Georgia State;Sun Belt;East;#1e539a;#ebebeb;http://a.espncdn.com/i/teamlogos/ncaa/500/2247.png;http://a.espncdn.com/i/teamlogos/ncaa/500-dark/2247.png;@GeorgiaStateFB;4246;Georgia State Stadium;Atlanta;GA;30315;US;America/New_York;33.735.267;-84.389.949;287;25000;2017;FALSE;FALSE
59;Georgia Tech;Yellow Jackets;GT;;GT;Georgia Tech;ACC;;#003057;#b3a369;http://a.espncdn.com/i/teamlogos/ncaa/500/59.png;http://a.espncdn.com/i/teamlogos/ncaa/500-dark/59.png;@GeorgiaTechFB;721;Bobby Dodd Stadium at Historic Grant Field;Atlanta;GA;30332;US;America/New_York;337.724.449;-843.928.054;279.300.415;55000;1913;FALSE;FALSE
62;Hawai'i;Rainbow Warriors;HAW;;HAW;Hawai'i;Mountain West;;#003420;#ffffff;http://a.espncdn.com/i/teamlogos/ncaa/500/62.png;http://a.espncdn.com/i/teamlogos/ncaa/500-dark/62.png;@HawaiiFootball;7220;Clarence T.C. Ching Athletics Complex;Honolulu;HI;96822;;;21.294.294;-157.819.338;20;9000;;TRUE;FALSE
248;Houston;Cougars;HOU;;HOU;Houston;Big 12;;#c92a39;#ffffff;http://a.espncdn.com/i/teamlogos/ncaa/500/248.png;http://a.espncdn.com/i/teamlogos/ncaa/500-dark/248.png;@UHCougarFB;4728;John O'Quinn Field at TDECU Stadium;Houston;TX;77004;US;America/Chicago;297.219.885;-953.491.623;957.440.567;40000;2014;FALSE;FALSE
356;Illinois;Fighting Illini;ILL;;ILL;Illinois;Big Ten;;#ff5f05;#13294b;http://a.espncdn.com/i/teamlogos/ncaa/500/356.png;http://a.espncdn.com/i/teamlogos/ncaa/500-dark/356.png;@IlliniFootball;3832;Memorial Stadium;Champaign;IL;61820;US;America/Chicago;400.993.268;-882.359.569;2.232.471.619;60670;1923;FALSE;FALSE
84;Indiana;Hoosiers;IND;;IND;Indiana;Big Ten;;#990000;#edebeb;http://a.espncdn.com/i/teamlogos/ncaa/500/84.png;http://a.espncdn.com/i/teamlogos/ncaa/500-dark/84.png;@IndianaFootball;3830;Memorial Stadium;Bloomington;IN;47408;US;America/Indiana/Indianapolis;391.808.959;-865.256.217;2.316.500.854;52656;1960;FALSE;FALSE
2294;Iowa;Hawkeyes;IOWA;;IOWA;Iowa;Big Ten;;#000000;#fcd116;http://a.espncdn.com/i/teamlogos/ncaa/500/2294.png;http://a.espncdn.com/i/teamlogos/ncaa/500-dark/2294.png;@HawkeyeFootball;3793;Kinnick Stadium;Iowa City;IA;52242;US;America/Chicago;416.586.045;-915.510.829;2.206.357.727;69250;1929;FALSE;FALSE
66;Iowa State;Cyclones;ISU;;ISU;Iowa State;Big 12;;#822433;#fdca2f;http://a.espncdn.com/i/teamlogos/ncaa/500/66.png;http://a.espncdn.com/i/teamlogos/ncaa/500-dark/66.png;@CycloneFB;3772;Jack Trice Stadium;Ames;IA;50011;US;America/Chicago;420.139.977;-936.357.716;2.749.135.437;61500;1975;TRUE;FALSE
55;Jacksonville State;Gamecocks;JVST;;JVST;Jacksonville St;Conference USA;;#b50500;#b5b7ba;http://a.espncdn.com/i/teamlogos/ncaa/500/55.png;http://a.espncdn.com/i/teamlogos/ncaa/500-dark/55.png;@JSUGamecocksFB;3662;JSU Stadium;Jacksonville;AL;36265;US;America/Chicago;338.201.052;-8.576.647;1.980.679.016;24000;1947;FALSE;FALSE
256;James Madison;Dukes;JMU;;JMU;JMU;Sun Belt;East;#450084;#b5a068;http://a.espncdn.com/i/teamlogos/ncaa/500/256.png;http://a.espncdn.com/i/teamlogos/ncaa/500-dark/256.png;@JMUFootball;3651;Bridgeforth Stadium;Harrisonburg;VA;22807;US;America/New_York;384.352.919;-788.729.349;399.303.009;24877;1975;FALSE;FALSE
2305;Kansas;Jayhawks;KU;;KU;Kansas;Big 12;;#0051ba;#e8000d;http://a.espncdn.com/i/teamlogos/ncaa/500/2305.png;http://a.espncdn.com/i/teamlogos/ncaa/500-dark/2305.png;@KU_Football;3833;Memorial Stadium;Lawrence;KS;66045;US;America/Chicago;389.629.418;-952.463.686;274.855.957;47000;1921;FALSE;FALSE
2306;Kansas State;Wildcats;KSU;;KSU;Kansas State;Big 12;;#3c0969;#e2e3e4;http://a.espncdn.com/i/teamlogos/ncaa/500/2306.png;http://a.espncdn.com/i/teamlogos/ncaa/500-dark/2306.png;@KStateFB;3636;Bill Snyder Family Football Stadium;Manhattan;KS;66502;US;America/Chicago;392.020.096;-965.938.395;3.280.574.646;50000;1968;FALSE;FALSE
338;Kennesaw State;Owls;KENN;Kennesaw;KENN;Kennesaw St;Conference USA;;#fdbb30;#000000;http://a.espncdn.com/i/teamlogos/ncaa/500/338.png;http://a.espncdn.com/i/teamlogos/ncaa/500-dark/338.png;@KennesawStFB;4899;Fifth Third Bank Stadium;Kennesaw;GA;48187;US;;340.289.318;-845.676.234;2.969.589.844;8318;2010;;FALSE
2309;Kent State;Golden Flashes;KENT;;KENT;Kent State;Mid-American;;#003976;#efab00;http://a.espncdn.com/i/teamlogos/ncaa/500/2309.png;http://a.espncdn.com/i/teamlogos/ncaa/500-dark/2309.png;@KentStFootball;3696;Dix Stadium;Kent;OH;44242;US;America/New_York;411.390.935;-8.131.346;3.213.641.663;25319;1969;FALSE;FALSE
96;Kentucky;Wildcats;UK;;UK;Kentucky;SEC;;#0033a0;#ffffff;http://a.espncdn.com/i/teamlogos/ncaa/500/96.png;http://a.espncdn.com/i/teamlogos/ncaa/500-dark/96.png;@UKFootball;3683;Commonwealth Stadium;Lexington;KY;40506;US;America/New_York;380.220.905;-845.053.408;3.074.248.962;61000;1973;FALSE;FALSE
2335;Liberty;Flames;LIB;;LIB;Liberty;Conference USA;;#071740;#a61f21;http://a.espncdn.com/i/teamlogos/ncaa/500/2335.png;http://a.espncdn.com/i/teamlogos/ncaa/500-dark/2335.png;@LibertyFootball;3992;Williams Stadium;Lynchburg;VA;24502;US;America/New_York;373.544.305;-791.750.239;2.729.237.061;25000;1989;FALSE;FALSE
309;Louisiana;Ragin' Cajuns;ULL;UL Lafayette;ULL;Louisiana;Sun Belt;West;#ce181e;#ffffff;http://a.espncdn.com/i/teamlogos/ncaa/500/309.png;http://a.espncdn.com/i/teamlogos/ncaa/500-dark/309.png;@RaginCajunsFB;3666;Cajun Field;Lafayette;LA;70506;US;America/Chicago;302.158.434;-920.417.371;3.556.508.303;41426;1971;FALSE;FALSE
2433;Louisiana Monroe;Warhawks;ULM;La.-Monroe;ULM;UL Monroe;Sun Belt;West;#231F20;#b18445;http://a.espncdn.com/i/teamlogos/ncaa/500/2433.png;http://a.espncdn.com/i/teamlogos/ncaa/500-dark/2433.png;@ULM_FB;3817;Malone Stadium;Monroe;LA;71209;US;America/Chicago;325.308.089;-920.660.602;22.998.209;30427;1978;FALSE;FALSE
2348;Louisiana Tech;Bulldogs;LT;;LT;LA Tech;Conference USA;;#002d65;#d3313a;http://a.espncdn.com/i/teamlogos/ncaa/500/2348.png;http://a.espncdn.com/i/teamlogos/ncaa/500-dark/2348.png;@LATechFB;3776;Joe Aillet Stadium;Ruston;LA;71272;US;America/Chicago;325.321.487;-926.560.019;7.287.982.941;28019;1968;FALSE;FALSE
97;Louisville;Cardinals;LOU;;LOU;Louisville;ACC;;#c9001f;#000000;http://a.espncdn.com/i/teamlogos/ncaa/500/97.png;http://a.espncdn.com/i/teamlogos/ncaa/500-dark/97.png;@LouisvilleFB;3873;Papa John's Cardinal Stadium;Louisville;KY;40292;US;America/Kentucky/Louisville;382.057.621;-857.588.141;1.385.615.997;60000;1998;FALSE;FALSE
99;LSU;Tigers;LSU;Louisiana State;LSU;LSU;SEC;;#461d7c;#fdd023;http://a.espncdn.com/i/teamlogos/ncaa/500/99.png;http://a.espncdn.com/i/teamlogos/ncaa/500-dark/99.png;@LSUFootball;3958;Tiger Stadium;Baton Rouge;LA;70803;US;America/Chicago;30.412.035;-911.838.163;7.640.734.673;102321;1924;TRUE;FALSE
276;Marshall;Thundering Herd;MRSH;;MRSH;Marshall;Sun Belt;East;#00ae42;#be854c;http://a.espncdn.com/i/teamlogos/ncaa/500/276.png;http://a.espncdn.com/i/teamlogos/ncaa/500-dark/276.png;@HerdFB;3775;Joan C. Edwards Stadium;Huntington;WV;25755;US;America/New_York;384.247.042;-824.214.412;1.637.328.186;38016;1991;FALSE;FALSE
120;Maryland;Terrapins;MD;;MD;Maryland;Big Ten;;#D5002B;#ffcd00;http://a.espncdn.com/i/teamlogos/ncaa/500/120.png;http://a.espncdn.com/i/teamlogos/ncaa/500-dark/120.png;@TerpsFootball;3665;Maryland Stadium;College Park;MD;20742;US;America/New_York;389.903.332;-769.473.792;3.268.748.093;51802;1950;FALSE;FALSE
235;Memphis;Tigers;MEM;;MEM;Memphis;American Athletic;;#004991;#8e908f;http://a.espncdn.com/i/teamlogos/ncaa/500/235.png;http://a.espncdn.com/i/teamlogos/ncaa/500-dark/235.png;@MemphisFB;3805;Liberty Bowl Memorial Stadium;Memphis;TN;38152;US;America/Chicago;351.209.429;-89.977.147;9.062.445.831;58325;1965;FALSE;FALSE
2390;Miami;Hurricanes;MIAMI;Miami (FL);MIAMI;Miami;ACC;;#005030;#f47321;http://a.espncdn.com/i/teamlogos/ncaa/500/2390.png;http://a.espncdn.com/i/teamlogos/ncaa/500-dark/2390.png;@CanesFootball;3948;Hard Rock Stadium;Miami Gardens;FL;33299;US;America/New_York;259.579.665;-802.388.604;2.624.486.446;64767;1987;FALSE;FALSE
193;Miami (OH);RedHawks;M-OH;;M-OH;Miami (OH);Mid-American;;#a4000c;#f0f0f0;http://a.espncdn.com/i/teamlogos/ncaa/500/193.png;http://a.espncdn.com/i/teamlogos/ncaa/500-dark/193.png;@MiamiOHFootball;3996;Yager Stadium;Oxford;OH;45056;US;America/New_York;395.197.009;-847.330.255;2.422.643.585;24286;1983;FALSE;FALSE
130;Michigan;Wolverines;MICH;;MICH;Michigan;Big Ten;;#00274c;#FFCB05;http://a.espncdn.com/i/teamlogos/ncaa/500/130.png;http://a.espncdn.com/i/teamlogos/ncaa/500-dark/130.png;@UMichFootball;3558;Michigan Stadium;Ann Arbor;MI;48109;US;America/Detroit;422.658.365;-837.486.956;2.555.500.031;107601;1927;FALSE;FALSE
127;Michigan State;Spartans;MSU;;MSU;Michigan State;Big Ten;;#18453B;#ffffff;http://a.espncdn.com/i/teamlogos/ncaa/500/127.png;http://a.espncdn.com/i/teamlogos/ncaa/500-dark/127.png;@MSU_Football;3936;Spartan Stadium;East Lansing;MI;48824;US;America/Detroit;427.281.474;-844.848.526;2.548.794.861;75005;1923;TRUE;FALSE
2393;Middle Tennessee;Blue Raiders;MTSU;Middle Tennessee State;MTSU;Mid Tennessee;Conference USA;;#006db6;#ffffff;http://a.espncdn.com/i/teamlogos/ncaa/500/2393.png;http://a.espncdn.com/i/teamlogos/ncaa/500-dark/2393.png;@MT_FB;3725;"Johnny Red"""" Floyd Stadium""""";Murfreesboro;TN;37132;US;America/Chicago;358.511.463;-863.681.649;1.917.279.816;30788;1933;FALSE;FALSE
135;Minnesota;Golden Gophers;MINN;;MINN;Minnesota;Big Ten;;#5e0a2f;#fab41c;http://a.espncdn.com/i/teamlogos/ncaa/500/135.png;http://a.espncdn.com/i/teamlogos/ncaa/500-dark/135.png;@GopherFootball;3953;TCF Bank Stadium;Minneapolis;MN;55488;US;America/Chicago;44.976.525;-932.245.462;2.543.902.283;50850;2009;FALSE;FALSE
344;Mississippi State;Bulldogs;MSST;;MSST;Miss St;SEC;;#5d1725;#c1c6c8;http://a.espncdn.com/i/teamlogos/ncaa/500/344.png;http://a.espncdn.com/i/teamlogos/ncaa/500-dark/344.png;@HailStateFB;3693;Davis Wade Stadium;Starkville;MS;39762;US;America/Chicago;334.563.403;-887.933.652;1.102.742.081;61337;1914;TRUE;FALSE
142;Missouri;Tigers;MIZ;;MIZ;Missouri;SEC;;#f1b82d;#000000;http://a.espncdn.com/i/teamlogos/ncaa/500/142.png;http://a.espncdn.com/i/teamlogos/ncaa/500-dark/142.png;@MizzouFootball;3838;Faurot Field;Columbia;MO;65211;US;America/Chicago;389.358.491;-923.332.009;2.126.865.692;71168;1927;FALSE;FALSE
2426;Navy;Midshipmen;NAVY;;NAVY;Navy;American Athletic;;#00225b;#b5a67c;http://a.espncdn.com/i/teamlogos/ncaa/500/2426.png;http://a.espncdn.com/i/teamlogos/ncaa/500-dark/2426.png;@NavyFB;3852;Navy-Marine Corps Memorial Stadium;Annapolis;MD;21402;US;America/New_York;389.846.985;-765.076.335;1.074.990.082;34000;1959;FALSE;FALSE
152;NC State;Wolfpack;NCST;North Carolina St.;NCST;NC State;ACC;;#cc0000;#ffffff;http://a.espncdn.com/i/teamlogos/ncaa/500/152.png;http://a.espncdn.com/i/teamlogos/ncaa/500-dark/152.png;@PackFootball;3670;Carter-Finley Stadium;Raleigh;NC;27695;US;America/New_York;358.008.001;-787.195.655;1.170.089.951;58000;1966;TRUE;FALSE
158;Nebraska;Cornhuskers;NEB;;NEB;Nebraska;Big Ten;;#d00000;#ffffff;http://a.espncdn.com/i/teamlogos/ncaa/500/158.png;http://a.espncdn.com/i/teamlogos/ncaa/500-dark/158.png;@HuskerFBNation;3834;Memorial Stadium;Lincoln;NE;68588;US;America/Chicago;40.820.682;-96.705.594;3.549.318.848;85458;1923;FALSE;FALSE
2440;Nevada;Wolf Pack;NEV;;NEV;Nevada;Mountain West;;#002d62;#ffffff;http://a.espncdn.com/i/teamlogos/ncaa/500/2440.png;http://a.espncdn.com/i/teamlogos/ncaa/500-dark/2440.png;@NevadaFootball;3816;Mackay Stadium;Reno;NV;89557;US;America/Los_Angeles;395.469.459;-1.198.175.435;140.657.605;27000;1966;FALSE;FALSE
167;New Mexico;Lobos;UNM;;UNM;New Mexico;Mountain West;;#000000;#231f20;http://a.espncdn.com/i/teamlogos/ncaa/500/167.png;http://a.espncdn.com/i/teamlogos/ncaa/500-dark/167.png;@UNMLoboFB;3971;University Stadium;Albuquerque;NM;87131;US;America/Denver;350.669.479;-1.066.283.225;1.554.471.924;39224;1960;FALSE;FALSE
166;New Mexico State;Aggies;NMSU;;NMSU;New Mexico St;Conference USA;;#891216;#000000;http://a.espncdn.com/i/teamlogos/ncaa/500/166.png;http://a.espncdn.com/i/teamlogos/ncaa/500-dark/166.png;@NMStateFootball;3601;Aggie Memorial Stadium;Las Cruces;NM;88003;US;America/Denver;322.796.202;-1.067.411.148;1.208.201.294;28853;1978;FALSE;FALSE
153;North Carolina;Tar Heels;UNC;;UNC;UNC;ACC;;#7bafd4;#13294b;http://a.espncdn.com/i/teamlogos/ncaa/500/153.png;http://a.espncdn.com/i/teamlogos/ncaa/500-dark/153.png;@UNCFootball;3787;Kenan Memorial Stadium;Chapel Hill;NC;27515;US;America/New_York;359.069.294;-790.478.889;1.277.569.809;50500;1927;FALSE;FALSE
2459;Northern Illinois;Huskies;NIU;;NIU;N Illinois;Mid-American;;#F1122C;#cc0000;http://a.espncdn.com/i/teamlogos/ncaa/500/2459.png;http://a.espncdn.com/i/teamlogos/ncaa/500-dark/2459.png;@NIU_Football;3764;Brigham Field at Huskie Stadium;DeKalb;IL;60115;US;America/Chicago;419.339.586;-887.778.357;2.674.530.029;23595;1965;FALSE;FALSE
249;North Texas;Mean Green;UNT;;UNT;North Texas;American Athletic;;#ffffff;#000000;http://a.espncdn.com/i/teamlogos/ncaa/500/249.png;http://a.espncdn.com/i/teamlogos/ncaa/500-dark/249.png;@MeanGreenFB;3825;Apogee Stadium;Denton;TX;76210;US;America/Chicago;33.203.899;-97.159.245;1.986.871.948;30850;2011;FALSE;FALSE
77;Northwestern;Wildcats;NW;;NW;Northwestern;Big Ten;;#582c83;#ffffff;http://a.espncdn.com/i/teamlogos/ncaa/500/77.png;http://a.espncdn.com/i/teamlogos/ncaa/500-dark/77.png;@NUFBFamily;3911;Ryan Field;Evanston;IL;60208;US;America/Chicago;420.653.994;-876.924.751;1.812.376.099;47130;1926;TRUE;FALSE
87;Notre Dame;Fighting Irish;ND;;ND;Notre Dame;FBS Independents;;#0c2340;#c99700;http://a.espncdn.com/i/teamlogos/ncaa/500/87.png;http://a.espncdn.com/i/teamlogos/ncaa/500-dark/87.png;@NDFootball;3855;Notre Dame Stadium;Notre Dame;IN;46556;US;America/Indiana/Indianapolis;41.698.378;-862.339.425;222.645.401;80795;1930;FALSE;FALSE
195;Ohio;Bobcats;OHIO;;OHIO;Ohio;Mid-American;;#295A29;#e4bb85;http://a.espncdn.com/i/teamlogos/ncaa/500/195.png;http://a.espncdn.com/i/teamlogos/ncaa/500-dark/195.png;@OhioFootball;3876;Peden Stadium;Athens;OH;45701;US;America/New_York;393.212.794;-821.034.315;194.230.896;24000;1929;FALSE;FALSE
194;Ohio State;Buckeyes;OSU;;OSU;OSU;Big Ten;;#ce1141;#505056;http://a.espncdn.com/i/teamlogos/ncaa/500/194.png;http://a.espncdn.com/i/teamlogos/ncaa/500-dark/194.png;@OhioStateFB;3861;Ohio Stadium;Columbus;OH;43210;US;America/New_York;400.016.447;-830.197.266;2.166.770.325;102780;1922;FALSE;FALSE
201;Oklahoma;Sooners;OKLA;;OKLA;Oklahoma;SEC;;#a32036;#ffffff;http://a.espncdn.com/i/teamlogos/ncaa/500/201.png;http://a.espncdn.com/i/teamlogos/ncaa/500-dark/201.png;@OU_Football;3835;Gaylord Family Oklahoma Memorial Stadium;Norman;OK;73019;US;America/Chicago;352.058.537;-974.423.145;3.550.962.524;86112;1925;TRUE;FALSE
197;Oklahoma State;Cowboys;OKST;;OKST;Oklahoma State;Big 12;;#000000;#dddddd;http://a.espncdn.com/i/teamlogos/ncaa/500/197.png;http://a.espncdn.com/i/teamlogos/ncaa/500-dark/197.png;@CowboyFB;3646;Boone Pickens Stadium;Stillwater;OK;74078;US;America/Chicago;36.125.673;-97.066.513;2.764.808.655;55509;1919;FALSE;FALSE
295;Old Dominion;Monarchs;ODU;;ODU;Old Dominion;Sun Belt;East;#00507d;#a1d2f1;http://a.espncdn.com/i/teamlogos/ncaa/500/295.png;http://a.espncdn.com/i/teamlogos/ncaa/500-dark/295.png;@ODUFootball;3918;Foreman Field;Norfolk;VA;23551;US;America/New_York;368.889.533;-763.049.175;3.147.987.843;20118;1936;FALSE;FALSE
145;Ole Miss;Rebels;MISS;;MISS;Ole Miss;SEC;;#13294b;#c8102e;http://a.espncdn.com/i/teamlogos/ncaa/500/145.png;http://a.espncdn.com/i/teamlogos/ncaa/500-dark/145.png;@OleMissFB;3974;Vaught-Hemingway Stadium;Oxford;MS;38677;US;America/Chicago;343.619.837;-895.342.076;1.468.517.151;64038;1915;TRUE;FALSE
2483;Oregon;Ducks;ORE;;ORE;Oregon;Big Ten;;#007030;#fee11a;http://a.espncdn.com/i/teamlogos/ncaa/500/2483.png;http://a.espncdn.com/i/teamlogos/ncaa/500-dark/2483.png;@OregonFootball;3626;Autzen Stadium;Eugene;OR;97401;US;America/Los_Angeles;440.582.712;-1.230.684.883;1.274.198.303;54000;1967;FALSE;FALSE
204;Oregon State;Beavers;ORST;;ORST;Oregon State;Pac-12;;#231f20;#d73f09;http://a.espncdn.com/i/teamlogos/ncaa/500/204.png;http://a.espncdn.com/i/teamlogos/ncaa/500-dark/204.png;@BeaverFootball;3893;Reser Stadium;Corvallis;OR;97331;US;America/Los_Angeles;445.594.559;-1.232.814.341;6.690.744.781;43363;1953;FALSE;FALSE
213;Penn State;Nittany Lions;PSU;;PSU;Penn State;Big Ten;;#00265D;#002e5c;http://a.espncdn.com/i/teamlogos/ncaa/500/213.png;http://a.espncdn.com/i/teamlogos/ncaa/500-dark/213.png;@PennStateFball;3632;Beaver Stadium;University Park;PA;16802;US;America/New_York;408.121.958;-778.561.023;3.541.551.514;106572;1960;TRUE;FALSE
221;Pittsburgh;Panthers;PITT;Pitt;PITT;Pitt;ACC;;#003263;#231f20;http://a.espncdn.com/i/teamlogos/ncaa/500/221.png;http://a.espncdn.com/i/teamlogos/ncaa/500-dark/221.png;@Pitt_FB;3752;Heinz Field;Pittsburgh;PA;15260;US;America/New_York;404.467.648;-800.157.603;2.205.887.146;68400;2001;TRUE;FALSE
2509;Purdue;Boilermakers;PUR;;PUR;Purdue;Big Ten;;#000000;#cfb991;http://a.espncdn.com/i/teamlogos/ncaa/500/2509.png;http://a.espncdn.com/i/teamlogos/ncaa/500-dark/2509.png;@BoilerFootball;3907;Ross-Ade Stadium;West Lafayette;IN;47907;US;America/Indiana/Indianapolis;404.352.253;-869.186.843;1.975.337.677;57282;1924;TRUE;FALSE
242;Rice;Owls;RICE;;RICE;Rice;American Athletic;;#d1d5d8;#003d7d;http://a.espncdn.com/i/teamlogos/ncaa/500/242.png;http://a.espncdn.com/i/teamlogos/ncaa/500-dark/242.png;@RiceFootball;3895;Rice Stadium;Houston;TX;77251;US;America/Chicago;297.163.297;-954.093.261;7.148.301.601;47000;1950;FALSE;FALSE
164;Rutgers;Scarlet Knights;RUTG;;RUTG;Rutgers;Big Ten;;#d21034;#ffffff;http://a.espncdn.com/i/teamlogos/ncaa/500/164.png;http://a.espncdn.com/i/teamlogos/ncaa/500-dark/164.png;@Rfootball;6577;SHI Stadium;Piscataway;NJ;8854;US;;405.462.553;-744.660.408;;52454;;FALSE;FALSE
2534;Sam Houston State;Bearkats;SHSU;;SHSU;Sam Houston;Conference USA;;#fe5000;#000000;http://a.espncdn.com/i/teamlogos/ncaa/500/2534.png;http://a.espncdn.com/i/teamlogos/ncaa/500-dark/2534.png;@BearkatsFB;3647;Bowers Stadium;Huntsville;TX;77340;US;America/Chicago;30.713.926;-955.419.802;1.276.225.204;14000;1986;FALSE;FALSE
21;San Diego State;Aztecs;SDSU;;SDSU;San Diego State;Mountain West;;#c41230;#000000;http://a.espncdn.com/i/teamlogos/ncaa/500/21.png;http://a.espncdn.com/i/teamlogos/ncaa/500-dark/21.png;@AztecFB;7311;Snapdragon Stadium;San Diego;CA;92093;US;America/Los_Angeles;32.784.444;-117.122.833;62;35000;2022;TRUE;FALSE
2567;SMU;Mustangs;SMU;Southern Methodist;SMU;SMU;ACC;;#354ca1;#cc0035;http://a.espncdn.com/i/teamlogos/ncaa/500/2567.png;http://a.espncdn.com/i/teamlogos/ncaa/500-dark/2567.png;@SMUFB;3735;Gerald J. Ford Stadium;University Park;TX;75275;US;America/Chicago;328.377.223;-967.827.859;1.694.058.075;32000;2000;FALSE;FALSE
6;South Alabama;Jaguars;USA;;USA;South Alabama;Sun Belt;West;#003E7E;;http://a.espncdn.com/i/teamlogos/ncaa/500/6.png;http://a.espncdn.com/i/teamlogos/ncaa/500-dark/6.png;@SouthAlabamaFB;6526;Hancock Whitney Stadium;Mobile;AL;85329;US;;306.943.566;-880.430.541;;25450;;FALSE;FALSE
2579;South Carolina;Gamecocks;SC;;SC;South Carolina;SEC;;#73000a;#ffffff;http://a.espncdn.com/i/teamlogos/ncaa/500/2579.png;http://a.espncdn.com/i/teamlogos/ncaa/500-dark/2579.png;@GamecockFB;3994;Williams-Brice Stadium;Columbia;SC;29208;US;America/New_York;339.730.239;-810.191.726;6.054.548.645;80250;1934;TRUE;FALSE
2572;Southern Mississippi;Golden Eagles;USM;;USM;Southern Miss;Sun Belt;West;#FFAA3C;#ffc423;http://a.espncdn.com/i/teamlogos/ncaa/500/2572.png;http://a.espncdn.com/i/teamlogos/ncaa/500-dark/2572.png;@SouthernMissFB;3815;M. M. Roberts Stadium;Hattiesburg;MS;39402;US;America/Chicago;313.289.321;-893.318.118;6.452.726.746;36000;1932;FALSE;FALSE
58;South Florida;Bulls;USF;;USF;USF;American Athletic;;#004A36;#231f20;http://a.espncdn.com/i/teamlogos/ncaa/500/58.png;http://a.espncdn.com/i/teamlogos/ncaa/500-dark/58.png;@USFFootball;3886;Raymond James Stadium;Tampa;FL;33620;US;America/New_York;279.758.691;-825.033.344;1.107.972.908;65828;1998;TRUE;FALSE
24;Stanford;Cardinal;STAN;;STAN;Stanford;ACC;;#8c1515;#ffffff;http://a.espncdn.com/i/teamlogos/ncaa/500/24.png;http://a.espncdn.com/i/teamlogos/ncaa/500-dark/24.png;@StanfordFball;3940;Stanford Stadium;Stanford;CA;94305;US;America/Los_Angeles;374.345.556;-1.221.611.271;1.838.425.636;50424;2006;TRUE;FALSE
183;Syracuse;Orange;SYR;;SYR;Syracuse;ACC;;#ff6500;#000e54;http://a.espncdn.com/i/teamlogos/ncaa/500/183.png;http://a.espncdn.com/i/teamlogos/ncaa/500-dark/183.png;@CuseFootball;1964;Carrier Dome;Syracuse;NY;13244;US;America/New_York;430.362.269;-761.363.161;1.626.989.746;49057;1980;FALSE;TRUE
2628;TCU;Horned Frogs;TCU;Texas Christian;TCU;TCU;Big 12;;#4d1979;#f1f2f3;http://a.espncdn.com/i/teamlogos/ncaa/500/2628.png;http://a.espncdn.com/i/teamlogos/ncaa/500-dark/2628.png;@TCUFootball;3616;Amon G. Carter Stadium;Fort Worth;TX;76129;US;America/Chicago;327.096.604;-973.680.835;1.854.387.054;46000;1929;TRUE;FALSE
218;Temple;Owls;TEM;;TEM;Temple;American Athletic;;#A80532;#a7a9ac;http://a.espncdn.com/i/teamlogos/ncaa/500/218.png;http://a.espncdn.com/i/teamlogos/ncaa/500-dark/218.png;@Temple_FB;3806;Lincoln Financial Field;Philadelphia;PA;19122;US;America/New_York;399.007.995;-751.675.414;3.198.706.865;69879;2003;FALSE;FALSE
2633;Tennessee;Volunteers;TENN;;TENN;Tennessee;SEC;;#ff8200;#58595b;http://a.espncdn.com/i/teamlogos/ncaa/500/2633.png;http://a.espncdn.com/i/teamlogos/ncaa/500-dark/2633.png;@Vol_Football;3853;Neyland Stadium;Knoxville;TN;37996;US;America/New_York;359.550.131;-839.250.128;2.719.517.212;102455;1921;TRUE;FALSE
251;Texas;Longhorns;TEX;;TEX;Texas;SEC;;#c15d26;#ffffff;http://a.espncdn.com/i/teamlogos/ncaa/500/251.png;http://a.espncdn.com/i/teamlogos/ncaa/500-dark/251.png;@TexasFootball;3910;Darrell K Royal-Texas Memorial Stadium;Austin;TX;78712;US;America/Chicago;302.836.813;-977.325.345;1.603.089.447;100119;1924;FALSE;FALSE
245;Texas A&M;Aggies;TA&M;;TA&M;Texas A&M;SEC;;#500000;#ffffff;http://a.espncdn.com/i/teamlogos/ncaa/500/245.png;http://a.espncdn.com/i/teamlogos/ncaa/500-dark/245.png;@AggieFootball;3795;Kyle Field;College Station;TX;77843;US;America/Chicago;306.098.891;-963.403.828;108.824.585;102733;1927;TRUE;FALSE
326;Texas State;Bobcats;TXST;;TXST;Texas State;Sun Belt;West;#4e1719;#b4975a;http://a.espncdn.com/i/teamlogos/ncaa/500/326.png;http://a.espncdn.com/i/teamlogos/ncaa/500-dark/326.png;@TXStateFootball;3644;Jim Wacker Field at Bobcat Stadium;San Marcos;TX;78666;US;America/Chicago;298.910.008;-979.255.735;1.778.676.453;30000;1981;FALSE;FALSE
2641;Texas Tech;Red Raiders;TTU;;TTU;Texas Tech;Big 12;;#000000;#da291c;http://a.espncdn.com/i/teamlogos/ncaa/500/2641.png;http://a.espncdn.com/i/teamlogos/ncaa/500-dark/2641.png;@TexasTechFB;3784;Jones AT&T Stadium;Lubbock;TX;79409;US;America/Chicago;335.910.518;-1.018.728.824;9.807.632.446;60454;1947;FALSE;FALSE
2649;Toledo;Rockets;TOL;;TOL;Toledo;Mid-American;;#0a2240;#ffcd00;http://a.espncdn.com/i/teamlogos/ncaa/500/2649.png;http://a.espncdn.com/i/teamlogos/ncaa/500-dark/2649.png;@ToledoFB;3739;Glass Bowl;Toledo;OH;43606;US;America/New_York;416.574.777;-836.135.652;1.814.839.783;26038;1937;FALSE;FALSE
2653;Troy;Trojans;TROY;;TROY;Troy;Sun Belt;West;#AE0210;#88898c;http://a.espncdn.com/i/teamlogos/ncaa/500/2653.png;http://a.espncdn.com/i/teamlogos/ncaa/500-dark/2653.png;@TroyTrojansFB;3975;Veterans Memorial Stadium;Troy;AL;36082;US;America/Chicago;317.995.565;-859.518.328;1.547.746.277;30000;1950;FALSE;FALSE
2655;Tulane;Green Wave;TULN;;TULN;Tulane;American Athletic;;#006547;#468ac9;http://a.espncdn.com/i/teamlogos/ncaa/500/2655.png;http://a.espncdn.com/i/teamlogos/ncaa/500-dark/2655.png;@GreenWaveFB;4729;Benson Field at Yulman Stadium;New Orleans;LA;70118;US;America/Chicago;29.944.616;-90.116.692;0.0000000000000000000000000000000000000118;30000;2014;FALSE;FALSE
202;Tulsa;Golden Hurricane;TLSA;;TLSA;Tulsa;American Athletic;;#003595;#d0b787;http://a.espncdn.com/i/teamlogos/ncaa/500/202.png;http://a.espncdn.com/i/teamlogos/ncaa/500-dark/202.png;@TulsaFootball;3674;Skelly Field at H. A. Chapman Stadium;Tulsa;OK;74194;US;America/Chicago;361.489.175;-959.437.853;2.355.928.345;30000;1930;FALSE;FALSE
5;UAB;Blazers;UAB;Alabama-Birmingham;UAB;UAB;American Athletic;;#003b28;#ffc845;http://a.espncdn.com/i/teamlogos/ncaa/500/5.png;http://a.espncdn.com/i/teamlogos/ncaa/500-dark/5.png;@UAB_FB;7221;Protective Stadium;Birmingham;AL;35203;US;;335.206.824;-868.024.326;;0;;FALSE;FALSE
2116;UCF;Knights;UCF;Central Florida;UCF;UCF;Big 12;;#000000;#b4a269;http://a.espncdn.com/i/teamlogos/ncaa/500/2116.png;http://a.espncdn.com/i/teamlogos/ncaa/500-dark/2116.png;@UCF_Football;3652;Bright House Networks Stadium;Orlando;FL;32816;US;America/New_York;286.079.765;-811.927.233;2.094.113.731;44206;2007;TRUE;FALSE
26;UCLA;Bruins;UCLA;;UCLA;UCLA;Big Ten;;#2774ae;#f2a900;http://a.espncdn.com/i/teamlogos/ncaa/500/26.png;http://a.espncdn.com/i/teamlogos/ncaa/500-dark/26.png;@UCLAFootball;1056;Rose Bowl;Pasadena;CA;90095;US;America/Los_Angeles;341.613.284;-1.181.676.462;2.451.772.461;88565;1922;TRUE;FALSE
113;UMass;Minutemen;UMASS;;UMASS;UMass;FBS Independents;;#971B2F;#572932;http://a.espncdn.com/i/teamlogos/ncaa/500/113.png;http://a.espncdn.com/i/teamlogos/ncaa/500-dark/113.png;@UMassFootball;3985;Warren McGuirk Alumni Stadium;Hadley;MA;1003;US;America/New_York;423.773.244;-725.360.595;4.658.664.703;17000;1965;FALSE;FALSE
2439;UNLV;Rebels;UNLV;Nevada-Las Vegas;UNLV;UNLV;Mountain West;;#b10202;#ffffff;http://a.espncdn.com/i/teamlogos/ncaa/500/2439.png;http://a.espncdn.com/i/teamlogos/ncaa/500-dark/2439.png;@UNLVFootball;6501;Allegiant Stadium;Las Vegas;NV;89154;US;;361.672.559;-1.151.485.163;;65000;;FALSE;TRUE
30;USC;Trojans;USC;;USC;USC;Big Ten;;#9e2237;#ffcc00;http://a.espncdn.com/i/teamlogos/ncaa/500/30.png;http://a.espncdn.com/i/teamlogos/ncaa/500-dark/30.png;@uscfb;477;Los Angeles Memorial Coliseum;Los Angeles;CA;90089;US;America/Los_Angeles;34.014.167;-118.287.778;4.250.374.222;77500;1923;TRUE;FALSE
254;Utah;Utes;UTAH;;UTAH;Utah;Big 12;;#ea002a;#ffffff;http://a.espncdn.com/i/teamlogos/ncaa/500/254.png;http://a.espncdn.com/i/teamlogos/ncaa/500-dark/254.png;@Utah_Football;587;Rice-Eccles Stadium;Salt Lake City;UT;84112;US;America/Denver;407.599.724;-1.118.488.255;1.411.543.579;51444;1998;FALSE;FALSE
328;Utah State;Aggies;USU;;USU;Utah State;Mountain West;;#00263a;#949ca1;http://a.espncdn.com/i/teamlogos/ncaa/500/328.png;http://a.espncdn.com/i/teamlogos/ncaa/500-dark/328.png;@USUFootball;3905;Romney Stadium;Logan;UT;84322;US;America/Denver;417.517.394;-1.118.116.007;1.427.914.429;25513;1968;FALSE;FALSE
2638;UTEP;Miners;UTEP;Texas-El Paso;UTEP;UTEP;Conference USA;;#ff8200;#041e42;http://a.espncdn.com/i/teamlogos/ncaa/500/2638.png;http://a.espncdn.com/i/teamlogos/ncaa/500-dark/2638.png;@UTEPFB;3946;Sun Bowl Stadium;El Paso;TX;79968;US;America/Denver;317.733.353;-106.507.957;1.183.697.876;51500;1963;FALSE;FALSE
2636;UT San Antonio;Roadrunners;UTSA;Texas-San Antonio;UTSA;UTSA;American Athletic;;#002A5C;#f47321;http://a.espncdn.com/i/teamlogos/ncaa/500/2636.png;http://a.espncdn.com/i/teamlogos/ncaa/500-dark/2636.png;;3604;Alamodome;San Antonio;TX;78299;US;America/Chicago;294.169.834;-984.788.143;2.015.526.886;36582;1993;FALSE;TRUE
238;Vanderbilt;Commodores;VAN;;VAN;Vanderbilt;SEC;;#000000;#231f20;http://a.espncdn.com/i/teamlogos/ncaa/500/238.png;http://a.espncdn.com/i/teamlogos/ncaa/500-dark/238.png;@VandyFootball;3973;Vanderbilt Stadium;Nashville;TN;37212;US;America/Chicago;361.440.455;-868.088.942;1.599.194.641;40351;1922;FALSE;FALSE
258;Virginia;Cavaliers;UVA;;UVA;UVA;ACC;;#232d4b;#f84c1e;http://a.espncdn.com/i/teamlogos/ncaa/500/258.png;http://a.espncdn.com/i/teamlogos/ncaa/500-dark/258.png;@UVAFootball;3923;Scott Stadium;Charlottesville;VA;22904;US;America/New_York;380.311.801;-785.137.897;1.704.677.429;61500;1931;TRUE;FALSE
259;Virginia Tech;Hokies;VT;;VT;VT;ACC;;#630031;#cf4520;http://a.espncdn.com/i/teamlogos/ncaa/500/259.png;http://a.espncdn.com/i/teamlogos/ncaa/500-dark/259.png;@VT_Football;3799;Lane Stadium;Blacksburg;VA;24061;US;America/New_York;372.199.873;-804.180.643;6.322.631.226;65632;1965;TRUE;FALSE
154;Wake Forest;Demon Deacons;WAKE;;WAKE;Wake Forest;ACC;;#000000;#ceb888;http://a.espncdn.com/i/teamlogos/ncaa/500/154.png;http://a.espncdn.com/i/teamlogos/ncaa/500-dark/154.png;@WakeFB;3630;BB&T Field;Winston-Salem;NC;27105;US;America/New_York;361.305.507;-802.545.851;283.548.584;31500;1968;FALSE;FALSE
264;Washington;Huskies;WASH;;WASH;Washington;Big Ten;;#33006f;#e8d3a2;http://a.espncdn.com/i/teamlogos/ncaa/500/264.png;http://a.espncdn.com/i/teamlogos/ncaa/500-dark/264.png;@UW_Football;3765;Husky Stadium;Seattle;WA;98195;US;America/Los_Angeles;476.503.235;-1.223.015.746;1.165.622.807;70138;1920;FALSE;FALSE
265;Washington State;Cougars;WSU;;WSU;Washington St;Pac-12;;#981e32;#ffffff;http://a.espncdn.com/i/teamlogos/ncaa/500/265.png;http://a.espncdn.com/i/teamlogos/ncaa/500-dark/265.png;@WSUCougarFB;3820;Martin Stadium;Pullman;WA;99164;US;America/Los_Angeles;46.731.831;-1.171.604.991;7.739.526.367;32952;1972;FALSE;FALSE
98;Western Kentucky;Hilltoppers;WKU;;WKU;W Kentucky;Conference USA;;#F32026;#b3b5b8;http://a.espncdn.com/i/teamlogos/ncaa/500/98.png;http://a.espncdn.com/i/teamlogos/ncaa/500-dark/98.png;@WKUFootball;3796;Houchens Industries-L. T. Smith Stadium;Bowling Green;KY;42101;US;America/Chicago;369.847.901;-864.594.041;1.544.346.619;22113;1968;FALSE;FALSE
2711;Western Michigan;Broncos;WMU;;WMU;W Michigan;Mid-American;;#532e1f;#8b7f79;http://a.espncdn.com/i/teamlogos/ncaa/500/2711.png;http://a.espncdn.com/i/teamlogos/ncaa/500-dark/2711.png;@WMU_Football;3980;Waldo Stadium;Kalamazoo;MI;49008;US;America/Detroit;422.860.064;-856.007.573;2.438.211.212;30200;1939;FALSE;FALSE
277;West Virginia;Mountaineers;WVU;;WVU;West Virginia;Big 12;;#002855;#eaaa00;http://a.espncdn.com/i/teamlogos/ncaa/500/277.png;http://a.espncdn.com/i/teamlogos/ncaa/500-dark/277.png;@WVUFootball;3842;Mountaineer Field at Milan Puskar Stadium;Morgantown;WV;26507;US;America/New_York;396.502.744;-799.551.873;327.409.668;60000;1980;FALSE;FALSE
275;Wisconsin;Badgers;WIS;;WIS;Wisconsin;Big Ten;;#c4012f;#ffffff;http://a.espncdn.com/i/teamlogos/ncaa/500/275.png;http://a.espncdn.com/i/teamlogos/ncaa/500-dark/275.png;@BadgerFootball;347;Camp Randall Stadium;Madison;WI;53711;US;America/Chicago;4.306.994;-894.126.943;263.604.126;80321;1917;FALSE;FALSE
2751;Wyoming;Cowboys;WYO;;WYO;Wyoming;Mountain West;;#492f24;#ffc425;http://a.espncdn.com/i/teamlogos/ncaa/500/2751.png;http://a.espncdn.com/i/teamlogos/ncaa/500-dark/2751.png;@Wyo_Football;3984;War Memorial Stadium;Laramie;WY;82071;US;America/Denver;4.131.161;-1.055.681.384;2.200.153.564;29181;1950;FALSE;FALSE
