School;Primary;Secondary;Abbreviation_regex;Abrev;;;;;;;
Abilene Christian;#4F2170;#C5C6C8;(ABIL CHRISTIAN|ACU|ABILENECHR);ABIL CHRISTIAN;ACU;ABILENECHR;;;;;
Air Force;#003087;#8A8D8F;(AIR FORCE|AIRFORCE|AFA|AF);AIR FORCE;AIRFORCE;AFA;AF;;;;
Akron;#041E42;#A89968;(AKRON|AKR);AKRON;AKR;;;;;;
Alabama;#9e1b32;#828a8f;(ALABAMA|ALA|Alabama|Alab|UA);ALABAMA;ALA;Alabama;Alab;UA;;;
Alabama A&M;#660000;#FFFFFF;(AAMU|ALABAMA A&M|AAM);AAMU;ALABAMA A&M;AAM;;;;;
Alabama State;#C99700;#000000;(ALST|ALABAMA ST);ALST;ALABAMA ST;;;;;;
Albany;#461660;#EEB211;(ALBANY|ALB|UALBANY);ALBANY;ALB;UALBANY;;;;;
Alcorn State;#CE8E00;#4B306A;(ALCORN ST|ALCN|ALCORNST|ALC);ALCORN ST;ALCN;ALCORNST;ALC;;;;
Appalachian State;#222222;#FFCC00;(APPALACHIAN ST|APPALCHAN|APP STATE|AppSt|APP);APPALACHIAN ST;APPALCHAN;APP STATE;AppSt;APP;;;
Arizona;#CC0033;#003366;(ARIZONA|ARIZ|ARI|ARZ|Ariz);ARIZONA;ARIZ;ARI;ARZ;Ariz;;;
Arizona State;#8C1D40;#FFC627;(ARIZONA ST|ARIZONAST|ArzSt|ASU);ARIZONA ST;ARIZONAST;ArzSt;ASU;;;;
Arkansas;#9D2235;#FFFFFF;(ARKANSAS|ARK|Ark|AR);ARKANSAS;ARK;Ark;AR;;;;
Arkansas State;#CC092F;#000000;(ARKANSAS ST|ARKST|ArkSt|ASU|ARST|A-ST);ARKANSAS ST;ARKST;ArkSt;ASU;ARST;A-ST;;
Arkansas-Pine Bluff;#000000;#FDB913;(UAPB|ARK PINE BLUFF);UAPB;ARK PINE BLUFF;;;;;;
Army;#D4BF91;#B2B4B3;(ARMY|Army|ARM|AWP);ARMY;Army;ARM;AWP;;;;
Auburn;#0C2340;#E87722;(AUBURN|AUB|Aub|AU);AUBURN;AUB;Aub;AU;;;;
Austin Peay;#C41E3A;#ADAFAA;(AUSTINPEAY|APSU|APS);AUSTINPEAY;APSU;APS;;;;;
Ball State;#BA0C2F;#000000;(BALL ST|BALLST|BALL|BalSt|BSU);BALL ST;BALLST;BALL;BalSt;BSU;;;
Baylor;#154734;#FFB81C;(BAYLOR|BU|BAY|Baylor|Bayl);BAYLOR;BU;BAY;Baylor;Bayl;;;
Bethune-Cookman;#6F263D;#F2A900;(BCU|BETHUNE COOKMAN|BETHCOOK|BthCk);BCU;BETHUNE COOKMAN;BETHCOOK;BthCk;;;;
Boise State;#D64309;#0033A0;(BOISE ST|BOISEST|BoiSt|BSU|BOISE|BS);BOISE ST;BOISEST;BoiSt;BSU;BOISE;BS;;
Boston College;#98002E;#BC9B6A;(BOSTON COLLEGE|BOSTONCOLL|BOSTCOLL|BOS|BC|BC\.);BOSTON COLLEGE;BOSTONCOLL;BOSTCOLL;BOS;BC;BC\.;;
Bowling Green;#FE5000;#4F2C1D;(BOWLING GREEN|BOWLGREEN|BOW|BGSU|BGS|BG|BwGrn);BOWLING GREEN;BOWLGREEN;BOW;BGSU;BGS;BG;BwGrn;
Bryant;#B4975B;#818286;(BRYANT|BRY);BRYANT;BRY;;;;;;
Bucknell;#E87722;#003865;(BUCKNELL);BUCKNELL;;;;;;;
Buffalo;#005BBB;#FFFFFF;(BUFFALO|UB|Buff|BUF);BUFFALO;UB;Buff;BUF;;;;
BYU;#002E5D;#0062B8;(BYU);BYU;;;;;;;
Cal Poly;#003831;#FFE395;(CAL POLY|CPoly|CP);CAL POLY;CPoly;CP;;;;;
California;#003262;#3B7EA1;(CALIFORNIA|CAL|Cal);CALIFORNIA;CAL;Cal;;;;;
Campbell;#F58025;#231F20;(CAMPBELL|CAM);CAMPBELL;CAM;;;;;;
Central Arkansas;#4F2D7F;#818A8F;(CENTRAL ARK|UCA|CENTRALARK|CArk);CENTRAL ARK;UCA;CENTRALARK;CArk;;;;
Central Connecticut;#003087;#FFFFFF;(CCSU|CENTRAL CONN);CCSU;CENTRAL CONN;;;;;;
Central Michigan;#6A0032;#FFC82E;(CENTMICH|CENTRAL MICH|CMich|CMU);CENTMICH;CENTRAL MICH;CMich;CMU;;;;
Charleston Southern;#A8996E;#002855;(CHARLESTON SOU|CHASOTHERN|CSU|CHSO);CHARLESTON SOU;CHASOTHERN;CSU;CHSO;;;;
Charlotte;#046A38;#B9975B;(CHARLOTTE|CHAR|CHA|CLT);CHARLOTTE;CHAR;CHA;CLT;;;;
Chattanooga;#00386B;#E0AA0F;(CHATTANOOGA|CHATTANOOG|CHA|UTC);CHATTANOOGA;CHATTANOOG;CHA;UTC;;;;
Cincinnati;#E00122;#000000;(CINCINNATI|Cincy|CIN);CINCINNATI;Cincy;CIN;;;;;
Clemson;#F56600;#522D80;(CLEMSON|CU|Clem|CLE);CLEMSON;CU;Clem;CLE;;;;
Coastal Carolina;#006F71;#A27752;(CCU|COASTL CAROLINA|COASTALCAR|COASTAL);CCU;COASTL CAROLINA;COASTALCAR;COASTAL;;;;
Colgate;#821019;#5A646E;(COLGATE);COLGATE;;;;;;;
Colorado;#CFB87C;#000000;(COLORADO|COLO|Colo|COL|CU);COLORADO;COLO;Colo;COL;CU;;;
Colorado State;#1E4D2B;#C8C372;(COLORADO ST|COLOST|ColSt|CSU|CS);COLORADO ST;COLOST;ColSt;CSU;CS;;;
Connecticut;#000E2F;#7C878E;(CONNECTICUT|UCONN|UConn|CON|UCO);CONNECTICUT;UCONN;UConn;CON;UCO;;;
Delaware;#00539F;#FFD200;(DELAWARE|DEL);DELAWARE;DEL;;;;;;
Delaware State;#EE3124;#72CDF4;(DELAWARE ST|DSU|DelSt);DELAWARE ST;DSU;DelSt;;;;;
Drake;#004477;#999999;(DRAKE|DU);DRAKE;DU;;;;;;
Duke;#003087;#FFFFFF;(DUKE|DUK|DU);DUKE;DUK;DU;;;;;
Duquesne;#041E42;#BA0C2F;(DUQUESNE|DUQ);DUQUESNE;DUQ;;;;;;
East Carolina;#592A8A;#FDC82F;(EAST CAROLINA|EASTCRLINA|ECU);EAST CAROLINA;EASTCRLINA;ECU;;;;;
East Tennessee State;#041E42;#FFC72C;(ETSU|EAST TENN ST);ETSU;EAST TENN ST;;;;;;
Eastern Illinois;#919295;#004B83;(EASTRN ILLINOIS|EIU);EASTRN ILLINOIS;EIU;;;;;;
Eastern Kentucky;#4C151E;#FFFFFF;(EKU|EASTRN KENTUCKY|EASTERNKY);EKU;EASTRN KENTUCKY;EASTERNKY;;;;;
Eastern Michigan;#006633;#000000;(EASTMICH|EASTRN MICHIGAN|EMich|EMU);EASTMICH;EASTRN MICHIGAN;EMich;EMU;;;;
Eastern Washington;#A10022;#6D6E71;(EASTERN WASH|EWU|EASTWASH);EASTERN WASH;EWU;EASTWASH;;;;;
Elon;#73000A;#B59A57;(ELON|ELO);ELON;ELO;;;;;;
Florida;#0021A5;#FA4616;(FLORIDA|FLA|Fla|UFL|UF);FLORIDA;FLA;Fla;UFL;UF;;;
Florida A&M;#EE7624;#1B5633;(FLORIDA A&M|FLORIDAAM|FAMU|FAM);FLORIDA A&M;FLORIDAAM;FAMU;FAM;;;;
Florida Atlantic;#003366;#CC0000;(FLA ATLANTIC|FLAATLANTC|FAU20\d+|FAU|FlAtl);FLA ATLANTIC;FLAATLANTC;FAU20\d+;FAU;FlAtl;;;
Florida International;#081E3F;#B6862C;(FIU|FLORIDA INTL|FLAINTL);FIU;FLORIDA INTL;FLAINTL;;;;;
Florida State;#782F40;#CEB888;(FLORIDAST|FSU|FS|FLORIDA ST|FlaSt);FLORIDAST;FSU;FS;FLORIDA ST;FlaSt;;;
Fordham;#860038;#FFFFFF;(FORDHAM|FORD|FOR|FHU);FORDHAM;FORD;FOR;FHU;;;;
Fresno State;#DB0032;#002E6D;(FRESNO ST|FRESNOST|FRS|FST|FSU|FS);FRESNO ST;FRESNOST;FRS;FST;FSU;FS;;
Furman;#201547;#A7A8AA;(FURMAN|FUR);FURMAN;FUR;;;;;;
Gardner-Webb;#BF2F37;#FFFFFF;(GWU|WEBB);GWU;WEBB;;;;;;
Georgia;#BA0C2F;#000000;(GEORGIA|UGA|Georgia|Geo);GEORGIA;UGA;Georgia;Geo;;;;
Georgia Southern;#011E41;#A3AAAE;(GA SOUTHERN|GASOUTHERN|GAS|GSO|GSU|GS);GA SOUTHERN;GASOUTHERN;GAS;GSO;GSU;GS;;
Georgia State;#0039A6;#C60C30;(GEORGIA ST|GSU|GEORGIAST|GAST|GST);GEORGIA ST;GSU;GEORGIAST;GAST;GST;;;
Georgia Tech;#B3A369;#003057;(GEORGIA TECH|GATECH|GTech|GT|GAT|GIT);GEORGIA TECH;GATECH;GTech;GT;GAT;GIT;;
Grambling;#EAA921;#000000;(GRAMBLING|GRAM|GSU);GRAMBLING;GRAM;GSU;;;;;
Hampton;#0060A9;#FFFFFF;(HAMPTON|HAM);HAMPTON;HAM;;;;;;
Hawai'i;#024731;#C8C8C8;(HAWAII|Hawaii|HAW|UH);HAWAII;Hawaii;HAW;UH;;;;
Holy Cross;#602D89;#FFFFFF;(HC|HOLY CROSS);HC;HOLY CROSS;;;;;;
Houston;#C8102E;#B2B4B2;(HOUSTON|Houst|HOU|UHO);HOUSTON;Houst;HOU;UHO;;;;
Houston Baptist;#1C4E9D;#F3652C;(HBU|HOUSTON BAPTIST);HBU;HOUSTON BAPTIST;;;;;;
Houston Christian;#003896;#FC4C02;(HstnB|HCU);HstnB;HCU;;;;;;
Howard;#003A63;#E51937;(HOWARD|HOWFB14|HOW);HOWARD;HOWFB14;HOW;;;;;
Idaho;#B3A369;#B3A369;(IDAHO|Idaho|IDAHO17|IDA);IDAHO;Idaho;IDAHO17;IDA;;;;
Idaho State;#FF671F;#000000;(IDAHO ST|ISU|IDAHOST);IDAHO ST;ISU;IDAHOST;;;;;
Illinois;#13294B;#E84A27;(ILLINOIS|Illin|ILL);ILLINOIS;Illin;ILL;;;;;
Illinois State;#CE1126;#F9DD16;(ILLINOIS ST|ILS|ISU);ILLINOIS ST;ILS;ISU;;;;;
Incarnate Word;#CB333B;#000000;(INCARNATEW|UIW|InWrd);INCARNATEW;UIW;InWrd;;;;;
Indiana;#990000;#EEEDEB;(INDIANA|IND|INS);INDIANA;IND;INS;;;;;
Indiana State;#0142BC;#FFFFFF;(INDIANAST|INDIANA ST|INS|ISU);INDIANAST;INDIANA ST;INS;ISU;;;;
Iowa;#FFCD00;#000000;(IOWA|IOW|UI|IWA);IOWA;IOW;UI;IWA;;;;
Iowa State;#C8102E;#F1BE48;(IOWA ST|IOWAST|ISU);IOWA ST;IOWAST;ISU;;;;;
Jackson State;#002147;#008ED6;(JACKSON ST|JACKST|JKST|JaxSt);JACKSON ST;JACKST;JKST;JaxSt;;;;
Jacksonville State;#CC0000;#231F20;(JACKSONVILLE ST|JAXVILLEST|JSU);JACKSONVILLE ST;JAXVILLEST;JSU;;;;;
James Madison;#450084;#CBB677;(JMU);JMU;;;;;;;
Kansas;#0051BA;#E8000D;(KANSAS|KAN|Kan|KU|Kansas|Kans);KANSAS;KAN;Kan;KU;Kansas;Kans;;
Kansas State;#512888;#D1D1D1;(KANSAS ST|KANSASST|KSU|KS|KanSt);KANSAS ST;KANSASST;KSU;KS;KanSt;;;
Kennesaw State;#FDBB30;#C5C6C8;(KENNESAW ST|KSU);KENNESAW ST;KSU;;;;;;
Kent State;#002664;#EAAB00;(KENT ST|KENTST|KSU|KENT|KntSt);KENT ST;KENTST;KSU;KENT;KntSt;;;
Kentucky;#0033A0;#000000;(KENTUCKY|Kent|UKY|UK);KENTUCKY;Kent;UKY;UK;;;;
Lafayette;#A8996E;#98002E;(LAFAYETTE|LAFAYETT);LAFAYETTE;LAFAYETT;;;;;;
Lamar;#DC0032;#FCB034;(LAMAR|LU|LAM);LAMAR;LU;LAM;;;;;
Lehigh;#653600;#FFD24F;(LEHIGH);LEHIGH;;;;;;;
Liberty;#002D62;#C41230;(LIBERTY|LIB|LU);LIBERTY;LIB;LU;;;;;
Long Island University;#231F20;#8A8D8F;(LIU|LONG ISLAND);LIU;LONG ISLAND;;;;;;
Louisiana;#CE181E;#C1C5C9;(LOUISIANA|LOU|UL LAFAYETTE|ULLAFAYTTE|ULL|UL|LaLaf|LA);LOUISIANA;LOU;UL LAFAYETTE;ULLAFAYTTE;ULL;UL;LaLaf;LA
Louisiana Monroe;#840029;#FDB913;(UL MONROE|ULMONROE|ULM|LaMon);UL MONROE;ULMONROE;ULM;LaMon;;;;
Louisiana Tech;#002F8B;#E31B23;(LOUISIANA TECH|LATECH|LaTch|LAT|TECH);LOUISIANA TECH;LATECH;LaTch;LAT;TECH;;;
Louisville;#AD0000;#000000;(LOUISVILLE|LOU|UL|Lvile);LOUISVILLE;LOU;UL;Lvile;;;;
LSU;#461D7C;#FDD023;(LSU|LS);LSU;LS;;;;;;
Maine;#003263;#AB0634;(MAINE|MAI);MAINE;MAI;;;;;;
Marshall;#00B140;#A2AAAD;(MARSHALL|MAR);MARSHALL;MAR;;;;;;
Maryland;#E03A3E;#FFD520;(MARYLAND|UMD);MARYLAND;UMD;;;;;;
McNeese;#00529B;#FFD204;(MCNEESE ST|MCNEESE|McNSt|MCN);MCNEESE ST;MCNEESE;McNSt;MCN;;;;
Memphis;#003087;#898D8D;(MEMPHIS|Memph|MEM-ROAD|MEM_ROAD|MEM);MEMPHIS;Memph;MEM-ROAD;MEM_ROAD;MEM;;;
Mercer;#f76800;#000000;(MERCER|MER);MERCER;MER;;;;;;
Miami;#f47321;#005030;(MIAMI FL|MIAMIFL|MIAMI|UM|MiaFl|MIA);MIAMI FL;MIAMIFL;MIAMI;UM;MiaFl;MIA;;
Miami (OH);#B61E2E;#000000;(MIAMI OH|MIAMIOH|MIAMI|MiaOh|MIA|MU);MIAMI OH;MIAMIOH;MIAMI;MiaOh;MIA;MU;;
Michigan;#00274C;#FFCB05;(MICHIGAN|MICH|MIC);MICHIGAN;MICH;MIC;;;;;
Michigan State;#18453B;#FFFFFF;(MICHIGANST|MSU|MICHIGAN ST|MchSt);MICHIGANST;MSU;MICHIGAN ST;MchSt;;;;
Middle Tennessee;#000000;#0066CC;(MIDDLE TENN|MIDDLETENN|MTSU|MTS|MT);MIDDLE TENN;MIDDLETENN;MTSU;MTS;MT;;;
Minnesota;#7A0019;#FFCC33;(MINNESOTA|MINN|MIN|UMN);MINNESOTA;MINN;MIN;UMN;;;;
Mississippi State;#660000;#CCCCCC;(MISSISSIPPI ST|MISSSTATE|MisSt|MS State|MSSTATE|MSU|MS);MISSISSIPPI ST;MISSSTATE;MisSt;MS State;MSSTATE;MSU;MS;
Mississippi Valley State;#046A38;#FFFFFF;(MISS VALLEY ST|MVSU);MISS VALLEY ST;MVSU;;;;;;
Missouri;#000000;#F1B82D;(MISSOURI|Misso|MIZ|MU);MISSOURI;Misso;MIZ;MU;;;;
Missouri State;#5E0009;#000000;(MSU|MISSOURI ST);MSU;MISSOURI ST;;;;;;
Monmouth;#041E42;#53565A;(MONMOUTH|MU);MONMOUTH;MU;;;;;;
Montana;#660033;#999999;(MONTANA|UM);MONTANA;UM;;;;;;
Montana State;#00205B;#B9975B;(MONTANA ST|MntSt|MTnSt|MSU);MONTANA ST;MntSt;MTnSt;MSU;;;;
Morgan State;#1B4383;#F47937;(MORGAN ST|MSU);MORGAN ST;MSU;;;;;;
Murray State;#ECAC00;#002144;(MURRAY ST|MURRAYST|MUR);MURRAY ST;MURRAYST;MUR;;;;;
Navy;#00205B;#C5B783;(NAVY|Navy|NAV);NAVY;Navy;NAV;;;;;
NC State;#CC0000;#000000;(NC STATE|NCSTATE|NCS|ST);NC STATE;NCSTATE;NCS;ST;;;;
Nebraska;#E41C38;#000000;(NEBRASKA|NEB|Neb);NEBRASKA;NEB;Neb;;;;;
Nevada;#003366;#807F84;(NEVADA|Nevad|NEV|NV|UNR);NEVADA;Nevad;NEV;NV;UNR;;;
New Hampshire;#041E42;#BBBCBC;(NEW HAMPSHIRE|UNH);NEW HAMPSHIRE;UNH;;;;;;
New Mexico;#BA0C2F;#A7A8AA;(NEW MEXICO|NMex|NM|NEWMEXICO|UNM);NEW MEXICO;NMex;NM;NEWMEXICO;UNM;;;
New Mexico State;#861F41;#000000;(NEWMEXST|NEW MEXICO ST|NMxSt|NMS[Tt]|NMSU|NMS);NEWMEXST;NEW MEXICO ST;NMxSt;NMS[Tt];NMSU;NMS;;
Nicholls;#AE132A;#72808A;(NICHOLLS ST|NICHOLLS|NICH|NIC|NSU);NICHOLLS ST;NICHOLLS;NICH;NIC;NSU;;;
Norfolk State;#007A53;#F3D03E;(NORFOLK ST|NSU);NORFOLK ST;NSU;;;;;;
North Alabama;#46166B;#DB9F11;(NORTH ALABAMA|UNA|NORTHALA);NORTH ALABAMA;UNA;NORTHALA;;;;;
North Carolina;#7BAFD4;#8D9092;(NORTH CAROLINA|UNC|NC|NCaro);NORTH CAROLINA;UNC;NC;NCaro;;;;
North Carolina A&T;#F3B237;#003D6D;(NC A&T|NCAT|A&T|NCCU);NC A&T;NCAT;A&T;NCCU;;;;
North Carolina Central;#862633;#898D8D;(NC CENTRAL|NCCtl|NCCU);NC CENTRAL;NCCtl;NCCU;;;;;
North Dakota;#009A44;#AAAEAD;(NORTH DAKOTA|UND);NORTH DAKOTA;UND;;;;;;
North Dakota State;#0A5640;#FFC72A;(NO DAKOTA ST|NDSU|NDkSt);NO DAKOTA ST;NDSU;NDkSt;;;;;
North Texas;#00853E;#000000;(NORTH TEXAS|UNT|NORTHTEXAS|NT|NoTex);NORTH TEXAS;UNT;NORTHTEXAS;NT;NoTex;;;
Northern Arizona;#003466;#FFD200;(NAU|NORTHRN ARIZONA);NAU;NORTHRN ARIZONA;;;;;;
Northern Colorado;#013C65;#F6B000;(NORTHERN COLO|UNCO|NC|UNC);NORTHERN COLO;UNCO;NC;UNC;;;;
Northern Illinois;#BA0C2F;#8A8D8F;(NORTHERNIL|NIU);NORTHERNIL;NIU;;;;;;
Northern Iowa;#4B116F;#FFCC00;(NORTHERN IOWA|UNI|NORTHIOWA);NORTHERN IOWA;UNI;NORTHIOWA;;;;;
Northwestern;#4E2A84;#FFFFFF;(NORTHWESTERN|NORTHWSTRN|NWU|NOR|NU|Nwest);NORTHWESTERN;NORTHWSTRN;NWU;NOR;NU;Nwest;;
Northwestern State;#492F92;#F78426;(NORTHWESTERN ST|NSU|NWSTATE|NWST|NWLA|NWSt);NORTHWESTERN ST;NSU;NWSTATE;NWST;NWLA;NWSt;;
Notre Dame;#0C2340;#C99700;(NOTRE DAME|NOTREDAME|NDAME|NDame|ND|UND);NOTRE DAME;NOTREDAME;NDAME;NDame;ND;UND;;
Ohio;#00694E;#CDA077;(OHIO|Ohio|OU|OHI);OHIO;Ohio;OU;OHI;;;;
Ohio State;#BB0000;#666666;(OHIO STATE|OHIO ST|OHIOST|OHIO|OSU|OhSt);OHIO STATE;OHIO ST;OHIOST;OHIO;OSU;OhSt;;
Oklahoma;#841617;#FDF9D8;(OKLAHOMA|OU|Okla|OKL);OKLAHOMA;OU;Okla;OKL;;;;
Oklahoma State;#FF7300;#000000;(OKLAHOMA ST|OKLAST|OSU|OKSt);OKLAHOMA ST;OKLAST;OSU;OKSt;;;;
Old Dominion;#003057;#7C878E;(OLDDOMNION|OLDDOMINION|ODU);OLDDOMNION;OLDDOMINION;ODU;;;;;
Ole Miss;#CE1126;#14213D;(OLE MISS|OLEMISS|OM|OLE|Miss|MIS);OLE MISS;OLEMISS;OM;OLE;Miss;MIS;;
Oregon;#154733;#FEE123;(OREGON|Oregn|ORE);OREGON;Oregn;ORE;;;;;
Oregon State;#DC4405;#000000;(OREGON ST|OREGONST|OSU|OrgSt);OREGON ST;OREGONST;OSU;OrgSt;;;;
Penn State;#041E42;#FFFFFF;(PENN STATE|PENN ST|PENNST|PSU|PnSt);PENN STATE;PENN ST;PENNST;PSU;PnSt;;;
Pittsburgh;#003594;#FFB81C;(PITTSBURGH|UP|PIT);PITTSBURGH;UP;PIT;;;;;
Portland State;#154734;#FFFFFF;(PORTLAND ST|PSU|PrtSt);PORTLAND ST;PSU;PrtSt;;;;;
Prairie View;#330066;#FFCC33;(PRAIRIE VIEW|PVAM|PVU|PraVw);PRAIRIE VIEW;PVAM;PVU;PraVw;;;;
Presbyterian College;#0060A9;#9D2235;(PRESBYTERIAN|PC|Presb);PRESBYTERIAN;PC;Presb;;;;;
Purdue;#CEB888;#000000;(PERDUE|PURDUE|PUR|Prdue);PERDUE;PURDUE;PUR;Prdue;;;;
Rhode Island;#68ABE8;#002147;(RHODE ISLAND|URI);RHODE ISLAND;URI;;;;;;
Rice;#00205B;#C1C6C8;(RICE|Rice|RIC|RCE|RU);RICE;Rice;RIC;RCE;RU;;;
Richmond;#000066;#990000;(RICHMOND|RIC|UR);RICHMOND;RIC;UR;;;;;
Robert Morris;#14234B;#A6192E;(RMU|ROBERT MORRIS);RMU;ROBERT MORRIS;;;;;;
Rutgers;#CC0033;#5F6A72;(RUTGERS|Rutgr|RUT|RU);RUTGERS;Rutgr;RUT;RU;;;;
Sacramento State;#043927;#C4B581;(SACRAMENTO ST|SAC|SSU);SACRAMENTO ST;SAC;SSU;;;;;
Sam Houston State;#f56423;#FFFFFF;(SAM HOUSTON ST|SAMHOUSTON|SHSU);SAM HOUSTON ST;SAMHOUSTON;SHSU;;;;;
Samford;#002649;#C4161D;(SAMFORD|SAM);SAMFORD;SAM;;;;;;
San Diego;#002868;#84BCE8;(SAN DIEGO|USD);SAN DIEGO;USD;;;;;;
San Diego State;#A6192E;#000000;(SAN DIEGO ST|SANDIEGOST|SAN DIEGO|SDSt|SDSU|SDS|SD);SAN DIEGO ST;SANDIEGOST;SAN DIEGO;SDSt;SDSU;SDS;SD;
San José State;#0055A2;#E5A823;(SAN JOSÉ ST|SAN JOSE ST|SJSt|SJSU|SJS|SJ);SAN JOSÉ ST;SAN JOSE ST;SJSt;SJSU;SJS;SJ;;
Savannah State;#F24D17;#002294;(SAVANNAH ST|SSU|SavSt);SAVANNAH ST;SSU;SavSt;;;;;
SMU;#0033A0;#C8102E;(SMU);SMU;;;;;;;
South Alabama;#00205B;#BF0D3E;(SOUTH ALABAMA|USA|SOUTHALA|SAlab);SOUTH ALABAMA;USA;SOUTHALA;SAlab;;;;
South Carolina;#73000A;#000000;(SOUTH CAROLINA|SOCAROLINA|SCaro|SC|USC);SOUTH CAROLINA;SOCAROLINA;SCaro;SC;USC;;;
South Carolina State;#841A2B;#1E4692;(CAROLINA ST|SOCARST|SCSt|SCST|SCSU|SCS);CAROLINA ST;SOCARST;SCSt;SCST;SCSU;SCS;;
South Dakota;#AD0000;#B4B4B4;(SOUTH DAKOTA|USD|SDU|SDako);SOUTH DAKOTA;USD;SDU;SDako;;;;
South Dakota State;#0033A0;#FFD100;(SO DAKOTA ST|SDSU|SODAKOTAST);SO DAKOTA ST;SDSU;SODAKOTAST;;;;;
South Florida;#006747;#CFC493;(SOUFLA|SOUTH FLORIDA|South Florida|USF|SFla);SOUFLA;SOUTH FLORIDA;South Florida;USF;SFla;;;
Southeast Missouri State;#C8102E;#000000;(SEMO|SEMo|SEM|SE MISSOURI);SEMO;SEMo;SEM;SE MISSOURI;;;;
Southeastern Louisiana;#006341;#EAAA00;(SE LOUISIANA|SLU|SELa);SE LOUISIANA;SLU;SELa;;;;;
Southern;#69B3E7;#FFC72C;(SOUTHERN|SOU|SUBR|SU);SOUTHERN;SOU;SUBR;SU;;;;
Southern Illinois;#720000;#000000;(SIU|SOUTHN ILLINOIS);SIU;SOUTHN ILLINOIS;;;;;;
Southern Mississippi;#000000;#FFAB00;(SOUTHERN MISS|SOUMISS|USM|SoMis);SOUTHERN MISS;SOUMISS;USM;SoMis;;;;
Southern Utah;#C41425;#000000;(SOUTHERN UTAH|SUU|SoUth);SOUTHERN UTAH;SUU;SoUth;;;;;
St Francis (PA);#BD1F25 ;#8E908F ;(SFrPA);SFrPA;;;;;;;
Stanford;#8C1515;#4D4F53;(STANFORD|Stanf|STAN|STA|SU);STANFORD;Stanf;STAN;STA;SU;;;
Stephen F. Austin;#660099;#75787B;(SFAFB|SFA);SFAFB;SFA;;;;;;
Stony Brook;#990000;#16243E;(STONY BROOK|SBU|StBrk);STONY BROOK;SBU;StBrk;;;;;
Syracuse;#F76900;#000E54;(SYRACUSE|SU|SYR);SYRACUSE;SU;SYR;;;;;
Tarleton State;#5A2B81 ;#FFFFFF ;(TARLETON ST|trlst);TARLETON ST;trlst;;;;;;
TCU;#4D1979;#A3A9AC;(TCU);TCU;;;;;;;
Temple;#9D2235;#FFCD00;(TEMPLE|Temp|TEM|TU);TEMPLE;Temp;TEM;TU;;;;
Tennessee;#FF8200;#58595B;(TENNESSEE|Tenn|TEN|UT);TENNESSEE;Tenn;TEN;UT;;;;
Tennessee State;#00539F;#FFFFFF;(TENNESSEE ST|TSU);TENNESSEE ST;TSU;;;;;;
Tennessee Tech;#4F2984;#FFDD00;(TENNESSEE TECH|TnTch|TTU);TENNESSEE TECH;TnTch;TTU;;;;;
Texas;#BF5700;#333F48;(TEXAS|Texas|TEX|UT);TEXAS;Texas;TEX;UT;;;;
Texas A&M;#500000;#FFFFFF;(TEXAS A&M|TEXASAM|TexAM|TAMU|TAM);TEXAS A&M;TEXASAM;TexAM;TAMU;TAM;;;
Texas A&M-Commerce;#1D2953;#E8A311;(Texas A&M-Commerce|TAMC|TXCC);Texas A&M-Commerce;TAMC;TXCC;;;;;
Texas Southern;#7C183E;#9DA6AB;(TEXAS SOUTHERN|TSU|TXSOFB|TexSo);TEXAS SOUTHERN;TSU;TXSOFB;TexSo;;;;
Texas State;#501214;#8D734A;(TEXAS STATE|TEXSTATE|TexSt|TSU|TXST|TXS);TEXAS STATE;TEXSTATE;TexSt;TSU;TXST;TXS;;
Texas Tech;#CC0000;#000000;(TEXAS TECH|TTU|TEXTC|TEXASTECH|TexTc);TEXAS TECH;TTU;TEXTC;TEXASTECH;TexTc;;;
The Citadel;#3975B7;#1F3A60;(CIT|THE CITADEL|THECITADEL);CIT;THE CITADEL;THECITADEL;;;;;
Toledo;#15397F;#FFDA00;(TOLEDO|Toled|TOL|UTo|UT);TOLEDO;Toled;TOL;UTo;UT;;;
Towson;#FFBB00;#3C3C3C;(TOWSON|TOW);TOWSON;TOW;;;;;;
Troy;#8A2432;#B3B5B8;(TROY|TRO|TRY);TROY;TRO;TRY;;;;;
Tulane;#006747;#418FDE;(TLN|TULANE|Tulan);TLN;TULANE;Tulan;;;;;
Tulsa;#002D72;#C8102E;(TULSA|Tulsa|TLS|Tul|TUL);TULSA;Tulsa;TLS;Tul;TUL;;;
UAB;#006341;#CC8A00;(UAB);UAB;;;;;;;
UC Davis;#002855;#B3A369;(UC DAVIS|UCDav|UCD);UC DAVIS;UCDav;UCD;;;;;
UCF;#BA9B37;#000000;(UCF);UCF;;;;;;;
UCLA;#2D68C4;#F2A900;(UCLA|UCL);UCLA;UCL;;;;;;
UMass;#971B2F;#B1B3B3;(MASSACHUSETTS|UMASS|UMass|UMA|MAS);MASSACHUSETTS;UMASS;UMass;UMA;MAS;;;
UNLV;#CF0A2C;#CAC8C8;(LV|NLV|UNLV);LV;NLV;UNLV;;;;;
USC;#990000;#FFC72C;(USC);USC;;;;;;;
UT Martin;#F79728;#002A5B;(TENN MARTIN|UTM|TENNMARTIN);TENN MARTIN;UTM;TENNMARTIN;;;;;
UT San Antonio;#F15A22;#0C2340;(UT SAN ANTONIO|UTSA|TEXASSAN|UTS|TSA);UT SAN ANTONIO;UTSA;TEXASSAN;UTS;TSA;;;
Utah;#CC0000;#808080;(UTAH|Utah|UTA|UTE);UTAH;Utah;UTA;UTE;;;;
Utah State;#00263A;#8A8D8F;(UTAH ST|UTAHST|USU|US|UthSt);UTAH ST;UTAHST;USU;US;UthSt;;;
Utah Tech;#BA1C21;#003058;(UTU|UTAH TECH|Utah);UTU;UTAH TECH;Utah;;;;;
UTEP;#FF8200;#041E42;(UTEP|TEP|UTE);UTEP;TEP;UTE;;;;;
Valparaiso;#613318 ;#FFCC00 ;(VALPARAISO|Valpo|VAL);VALPARAISO;Valpo;VAL;;;;;
Vanderbilt;#000000;#866D4B;(VANDERBILT|VANDY|Vandy|VAN|VU);VANDERBILT;VANDY;Vandy;VAN;VU;;;
Villanova;#00205B;#8B634B;(VILLANOVA|VU);VILLANOVA;VU;;;;;;
Virginia;#232D4B;#F84C1E;(VIRGINIA|Virg|VA|UVA);VIRGINIA;Virg;VA;UVA;;;;
Virginia Tech;#630031;#CF4420;(VIRGINIA TECH|VATECH|VTech|VT|VaT|VAT);VIRGINIA TECH;VATECH;VTech;VT;VaT;VAT;;
VMI;#A71F23;#FFD520;(VMI);VMI;;;;;;;
Wagner;#00483A;#B9BBBD;(WAGNER|WAG);WAGNER;WAG;;;;;;
Wake Forest;#9E7E38;#000000;(WAKE FOREST|WAKEFOREST|WFU|WF);WAKE FOREST;WAKEFOREST;WFU;WF;;;;
Washington;#4B2E83;#B7A57A;(WASHINGTON|WASH|Wash|UW|WAS|U W);WASHINGTON;WASH;Wash;UW;WAS;U W;;
Washington State;#981E32;#5E6A71;(WASHINGTON ST|WSU|WASHST|COU|WshSt);WASHINGTON ST;WSU;WASHST;COU;WshSt;;;
Weber State;#4B2682;#A1A1A4;(WEBER ST|WEBERST|WEBER|WSU|WebSt);WEBER ST;WEBERST;WEBER;WSU;WebSt;;;
West Virginia;#002855;#EAAA00;(WEST VIRGINIA|WESTVIR|WVU|WVirg);WEST VIRGINIA;WESTVIR;WVU;WVirg;;;;
Western Carolina;#592C88;#C1A875;(WESTERN CAROLINA|WESTCARLNA|WESTRN CAROLINA|WCaro|WCU);WESTERN CAROLINA;WESTCARLNA;WESTRN CAROLINA;WCaro;WCU;;;
Western Illinois;#663399;#FFCC00;(WESTRN ILLINOIS|WIU);WESTRN ILLINOIS;WIU;;;;;;
Western Kentucky;#C60C30;#1E1E1E;(WESTRN KENTUCKY|WKU|WESTERNKY|WKent);WESTRN KENTUCKY;WKU;WESTERNKY;WKent;;;;
Western Michigan;#6C4023;#AAA8AA;(WESTMICH|WESTRN MICHIGAN|WMU|WMich|WMI);WESTMICH;WESTRN MICHIGAN;WMU;WMich;WMI;;;
William & Mary;#115740;#F0B323;(MARY|WILLMMARY|WM);MARY;WILLMMARY;WM;;;;;
Wisconsin;#C5050C;#FFFFFF;(WISCONSIN|Wisc|WIS);WISCONSIN;Wisc;WIS;;;;;
Wofford;#886E4C;#FFFFFF;(WOFFORD|WOF);WOFFORD;WOF;;;;;;
Wyoming;#FFC425;#492F24;(WYOMING|Wyom|WYO|WY);WYOMING;Wyom;WYO;WY;;;;
Yale;#00356B;#FFFFFF;(YALE|YAL);YALE;YAL;;;;;;
Youngstown State;#C8102E;#F3D54E;(YOUNGSTOWN ST|YSU|YngSt);YOUNGSTOWN ST;YSU;YngSt;;;;;
