Defense,Offense,Quarter,Down,Drive_number,Play_number,Play_type,Yard_line,Distance,Yards_gained,Yards_to_goal,Scoring,Away,Clock,Defense_conference,Defense_score,Defense_timeouts,Drive_id,Game_id,Home,ID,Offense_conference,Offense_score,Offense_timeouts,Play_text,Wall_clock,Year,Week,Season,Who_scored,Yards_to_success,Success,TD_first,Score_drive,Runner,Passer,Receiver,Interceptor,Tackler,Forcer,Fumbler,Recoverer,PAT_kicker,PAT_type,Two_point,Two_point_type,Two_point_runner,Two_point_passer,Two_point_receiver,Kicker,Kick_type,Returner,Blocker,FG_type,Punter,Punt_type,Timeout_team,Timeout_time,Penalty1_type,Penalty1_status,Penalty1_team,Penalty1_transgressor,Penalty2_type,Penalty2_status,Penalty2_team,Penalty2_transgressor,Penalty3_type,Penalty3_status,Penalty3_team,Penalty3_transgressor
Auburn,Alabama,1,1,1,1,Kickoff,35,10,14,65,false,Auburn,15:00,SEC,0,3,4014039571,401403957,Alabama,401403957101849902,SEC,0,3,"Will Reichard kickoff for 58 yds , Jarquez Hunter return for 14 yds to the Aub 21",2022-11-26T20:39:24.000Z,2022,13,regular,neither,5.0,Kickoff,true,false,,,,,,,,,,,,,,,,Will Reichard,returned,Jarquez Hunter,,,,,,,,,,,,,,,,,,
Alabama,Auburn,1,1,1,2,Penalty,79,10,-5,79,false,Auburn,14:54,SEC,0,3,4014039571,401403957,Alabama,401403957101854501,SEC,0,3,"AUBURN Penalty, False Start (Kilian Zierer) to the Aub 16",2022-11-26T20:40:45.000Z,2022,13,regular,neither,5.0,Penalty,false,false,,,,,,,,,,,,,,,,,,,,,,,,,False Start,enforced,Auburn,Kilian Zierer,,,,,,,,
Alabama,Auburn,1,1,1,3,Rush,84,15,0,84,false,Auburn,14:34,SEC,0,3,4014039571,401403957,Alabama,401403957101856501,SEC,0,3,Robby Ashford run for no gain to the Aub 16,2022-11-26T20:41:19.000Z,2022,13,regular,neither,7.5,Unsuccessful,false,false,Robby Ashford,,,,,,,,,,,,,,,,,,,,,,,,,,,,,,,,,,,
Alabama,Auburn,1,2,1,4,Rush,84,15,8,84,false,Auburn,14:13,SEC,0,3,4014039571,401403957,Alabama,401403957101858601,SEC,0,3,Tank Bigsby run for 8 yds to the Aub 24,2022-11-26T20:41:37.000Z,2022,13,regular,neither,10.5,Unsuccessful,false,false,Tank Bigsby,,,,,,,,,,,,,,,,,,,,,,,,,,,,,,,,,,,
Alabama,Auburn,1,3,1,5,Pass Incompletion,76,7,0,76,false,Auburn,13:33,SEC,0,3,4014039571,401403957,Alabama,401403957101866601,SEC,0,3,Robby Ashford pass incomplete,2022-11-26T20:42:20.000Z,2022,13,regular,neither,7,Unsuccessful,false,false,,Robby Ashford,No Data,,,,,,,,,,,,,,,,,,,,,,,,,,,,,,,,,
Alabama,Auburn,1,4,1,6,Punt,76,7,0,76,false,Auburn,13:25,SEC,0,3,4014039571,401403957,Alabama,401403957101867401,SEC,0,3,"Oscar Chapman punt for 42 yds, fair catch by Jahmyr Gibbs at the Alab 34",2022-11-26T20:43:24.000Z,2022,13,regular,neither,7,Punt,false,false,,,,,,,,,,,,,,,,,,Jahmyr Gibbs,,,Oscar Chapman,fair catch,,,,,,,,,,,,,,
Auburn,Alabama,1,1,2,1,Rush,34,10,13,66,false,Auburn,12:55,SEC,0,3,4014039572,401403957,Alabama,401403957101874401,SEC,0,3,Jahmyr Gibbs run for 13 yds to the Alab 47 for a 1ST down,2022-11-26T20:44:08.000Z,2022,13,regular,neither,5.0,Successful,true,false,Jahmyr Gibbs,,,,,,,,,,,,,,,,,,,,,,,,,,,,,,,,,,,
Auburn,Alabama,1,1,2,2,Pass Incompletion,47,10,0,53,false,Auburn,12:52,SEC,0,3,4014039572,401403957,Alabama,401403957101874701,SEC,0,3,Bryce Young pass incomplete,2022-11-26T20:44:37.000Z,2022,13,regular,neither,5.0,Unsuccessful,false,false,,Bryce Young,No Data,,,,,,,,,,,,,,,,,,,,,,,,,,,,,,,,,
Auburn,Alabama,1,2,2,3,Rush,47,10,7,53,false,Auburn,12:44,SEC,0,3,4014039572,401403957,Alabama,401403957101875501,SEC,0,3,Jahmyr Gibbs run for 7 yds to the Aub 46,2022-11-26T20:44:50.000Z,2022,13,regular,neither,7.0,Successful,false,false,Jahmyr Gibbs,,,,,,,,,,,,,,,,,,,,,,,,,,,,,,,,,,,
Auburn,Alabama,1,3,2,4,Rush,54,3,0,46,false,Auburn,12:05,SEC,0,3,4014039572,401403957,Alabama,401403957101879401,SEC,0,3,Bryce Young run for no gain to the Aub 46,2022-11-26T20:45:33.000Z,2022,13,regular,neither,3,Unsuccessful,false,false,Bryce Young,,,,,,,,,,,,,,,,,,,,,,,,,,,,,,,,,,,
Auburn,Alabama,1,4,2,5,Punt,54,3,0,46,false,Auburn,11:41,SEC,0,3,4014039572,401403957,Alabama,401403957101885801,SEC,0,3,James Burnip punt for 46 yds for a touchback,2022-11-26T20:46:09.000Z,2022,13,regular,neither,3,Punt,false,false,,,,,,,,,,,,,,,,,,,,,James Burnip,touchback,,,,,,,,,,,,,,
Alabama,Auburn,1,1,3,1,Pass Reception,80,10,0,80,false,Auburn,11:11,SEC,0,3,4014039573,401403957,Alabama,401403957101888801,SEC,0,3,Robby Ashford pass complete to Jarquez Hunter for no gain to the Aub 20,2022-11-26T20:49:30.000Z,2022,13,regular,neither,5.0,Unsuccessful,false,true,,Robby Ashford,Jarquez Hunter,,,,,,,,,,,,,,,,,,,,,,,,,,,,,,,,,
Alabama,Auburn,1,2,3,2,Rush,80,10,25,80,false,Auburn,11:00,SEC,0,3,4014039573,401403957,Alabama,401403957101889901,SEC,0,3,Robby Ashford run for 25 yds to the Aub 45 for a 1ST down,2022-11-26T20:49:51.000Z,2022,13,regular,neither,7.0,Successful,true,true,Robby Ashford,,,,,,,,,,,,,,,,,,,,,,,,,,,,,,,,,,,
Alabama,Auburn,1,1,3,3,Rush,55,10,6,55,false,Auburn,10:30,SEC,0,3,4014039573,401403957,Alabama,401403957101896901,SEC,0,3,Tank Bigsby run for 6 yds to the Alab 49,2022-11-26T20:50:31.000Z,2022,13,regular,neither,5.0,Successful,false,true,Tank Bigsby,,,,,,,,,,,,,,,,,,,,,,,,,,,,,,,,,,,
Alabama,Auburn,1,2,3,4,Timeout,49,4,0,49,false,Auburn,9:55,SEC,0,3,4014039573,401403957,Alabama,401403957101904401,SEC,0,2,"Timeout AUBURN, clock 09:55",2022-11-26T20:51:13.000Z,2022,13,regular,neither,2.8,Timeout,false,true,,,,,,,,,,,,,,,,,,,,,,,Auburn,09:55,,,,,,,,,,,,
Alabama,Auburn,1,2,3,5,Rush,49,4,8,49,false,Auburn,9:49,SEC,0,3,4014039573,401403957,Alabama,401403957101905001,SEC,0,2,Tank Bigsby run for 8 yds to the Alab 41 for a 1ST down,2022-11-26T20:54:16.000Z,2022,13,regular,neither,2.8,Successful,true,true,Tank Bigsby,,,,,,,,,,,,,,,,,,,,,,,,,,,,,,,,,,,
Alabama,Auburn,1,1,3,6,Penalty,41,10,15,41,false,Auburn,9:18,SEC,0,3,4014039573,401403957,Alabama,401403957101908101,SEC,0,2,"Ashford, Robby pass incomplete to Brown, Camden, PENALTY ALABAMA pass interference (Ricks, Eli) 15 yards to the ALABAMA26, NO PLAY, 1ST DOWN AUBURN.",2022-11-26T20:55:29.000Z,2022,13,regular,neither,5.0,Penalty,true,true,,,,,,,,,,,,,,,,,,,,,,,,,Pass Interference,enforced,Alabama,Eli Ricks,,,,,,,,
Alabama,Auburn,1,1,3,7,Pass Reception,26,10,2,26,false,Auburn,9:10,SEC,0,3,4014039573,401403957,Alabama,401403957101908901,SEC,0,2,Robby Ashford pass complete to Tank Bigsby for 2 yds to the Alab 24,2022-11-26T20:55:51.000Z,2022,13,regular,neither,5.0,Unsuccessful,false,true,,Robby Ashford,Tank Bigsby,,,,,,,,,,,,,,,,,,,,,,,,,,,,,,,,,
Alabama,Auburn,1,2,3,8,Rushing Touchdown,24,8,24,24,true,Auburn,8:31,SEC,0,3,4014039573,401403957,Alabama,401403957101916801,SEC,7,2,"Robby Ashford run for 24 yds for a TD, (Alex McPherson KICK)",2022-11-26T20:57:48.000Z,2022,13,regular,offense,5.6,Successful,true,true,Robby Ashford,,,,,,,,Alex McPherson,made,,,,,,,,,,,,,,,,,,,,,,,,,,
Alabama,Auburn,1,2,4,1,Kickoff,65,8,19,65,false,Auburn,8:31,SEC,0,3,4014039574,401403957,Alabama,401403957101916803,SEC,7,2,"Alex McPherson kickoff for 46 yds , Ja'Corey Brooks return for 19 yds to the Alab 38",2022-11-26T20:57:48.000Z,2022,13,regular,neither,5.6,Kickoff,true,true,,,,,,,,,,,,,,,,Alex McPherson,returned,Ja'Corey Brooks,,,,,,,,,,,,,,,,,,
Auburn,Alabama,1,1,4,2,Pass Incompletion,38,10,0,62,false,Auburn,8:20,SEC,7,2,4014039574,401403957,Alabama,401403957101917901,SEC,0,3,Bryce Young pass incomplete to Cameron Latu,2022-11-26T21:02:10.000Z,2022,13,regular,neither,5.0,Unsuccessful,false,true,,Bryce Young,Cameron Latu,,,,,,,,,,,,,,,,,,,,,,,,,,,,,,,,,
Auburn,Alabama,1,2,4,3,Pass Reception,38,10,52,62,false,Auburn,8:11,SEC,7,2,4014039574,401403957,Alabama,401403957101918801,SEC,0,3,Bryce Young pass complete to Jermaine Burton for 52 yds to the Aub 10 for a 1ST down,2022-11-26T21:02:57.000Z,2022,13,regular,neither,7.0,Successful,true,true,,Bryce Young,Jermaine Burton,,,,,,,,,,,,,,,,,,,,,,,,,,,,,,,,,
Auburn,Alabama,1,1,4,4,Rush,90,10,1,10,false,Auburn,7:44,SEC,7,2,4014039574,401403957,Alabama,401403957101925501,SEC,0,3,Jase McClellan run for 1 yd to the Aub 9,2022-11-26T21:03:25.000Z,2022,13,regular,neither,5.0,Unsuccessful,false,true,Jase McClellan,,,,,,,,,,,,,,,,,,,,,,,,,,,,,,,,,,,
Auburn,Alabama,1,2,4,5,Rush,91,9,4,9,false,Auburn,7:06,SEC,7,2,4014039574,401403957,Alabama,401403957101929301,SEC,0,3,Jase McClellan run for 4 yds to the Aub 5,2022-11-26T21:04:25.000Z,2022,13,regular,neither,6.3,Unsuccessful,false,true,Jase McClellan,,,,,,,,,,,,,,,,,,,,,,,,,,,,,,,,,,,
Auburn,Alabama,1,3,4,6,Rushing Touchdown,95,5,5,5,true,Auburn,6:25,SEC,7,2,4014039574,401403957,Alabama,401403957101937401,SEC,7,3,"Bryce Young run for 5 yds for a TD, (Will Reichard KICK)",2022-11-26T21:05:24.000Z,2022,13,regular,offense,5,Successful,true,true,Bryce Young,,,,,,,,Will Reichard,made,,,,,,,,,,,,,,,,,,,,,,,,,,
Auburn,Alabama,1,3,5,1,Kickoff,35,5,0,65,false,Auburn,6:25,SEC,7,2,4014039575,401403957,Alabama,401403957101937403,SEC,7,3,Will Reichard kickoff for 65 yds for a touchback,2022-11-26T21:08:10.000Z,2022,13,regular,neither,5,Kickoff,false,false,,,,,,,,,,,,,,,,Will Reichard,touchback,No data,,,,,,,,,,,,,,,,,,
Alabama,Auburn,1,1,5,2,Rush,75,10,-4,75,false,Auburn,6:17,SEC,7,3,4014039575,401403957,Alabama,401403957101938201,SEC,7,2,Tank Bigsby run for a loss of 4 yards to the Aub 21,2022-11-26T21:09:05.000Z,2022,13,regular,neither,5.0,Unsuccessful,false,false,Tank Bigsby,,,,,,,,,,,,,,,,,,,,,,,,,,,,,,,,,,,
Alabama,Auburn,1,2,5,3,Pass Reception,79,14,-1,79,false,Auburn,5:36,SEC,7,3,4014039575,401403957,Alabama,401403957101946301,SEC,7,2,Robby Ashford pass complete to Tank Bigsby for a loss of 1 yard to the Aub 20,2022-11-26T21:09:46.000Z,2022,13,regular,neither,9.799999999999999,Unsuccessful,false,false,,Robby Ashford,Tank Bigsby,,,,,,,,,,,,,,,,,,,,,,,,,,,,,,,,,
Alabama,Auburn,1,3,5,4,Rush,80,15,5,80,false,Auburn,5:13,SEC,7,3,4014039575,401403957,Alabama,401403957101948601,SEC,7,2,Tank Bigsby run for 5 yds to the Aub 25,2022-11-26T21:10:10.000Z,2022,13,regular,neither,15,Unsuccessful,false,false,Tank Bigsby,,,,,,,,,,,,,,,,,,,,,,,,,,,,,,,,,,,
Alabama,Auburn,1,4,5,5,Penalty,75,10,-5,75,false,Auburn,4:50,SEC,7,3,4014039575,401403957,Alabama,401403957101954901,SEC,7,2,"AUBURN Penalty, False Start (Derick Hall) to the Aub 20",2022-11-26T21:11:03.000Z,2022,13,regular,neither,10,Penalty,false,false,,,,,,,,,,,,,,,,,,,,,,,,,False Start,enforced,Auburn,Derick Hall,,,,,,,,
Alabama,Auburn,1,4,5,6,Punt,80,15,0,80,false,Auburn,4:29,SEC,7,3,4014039575,401403957,Alabama,401403957101957001,SEC,7,2,"Oscar Chapman punt for 45 yds, fair catch by Kool-Aid McKinstry at the Alab 35",2022-11-26T21:11:55.000Z,2022,13,regular,neither,15,Punt,false,false,,,,,,,,,,,,,,,,,,Kool-Aid McKinstry,,,Oscar Chapman,fair catch,,,,,,,,,,,,,,
Auburn,Alabama,1,1,6,1,Rush,35,10,6,65,false,Auburn,4:20,SEC,7,2,4014039576,401403957,Alabama,401403957101957901,SEC,7,3,Jahmyr Gibbs run for 6 yds to the Alab 41,2022-11-26T21:12:22.000Z,2022,13,regular,neither,5.0,Successful,false,true,Jahmyr Gibbs,,,,,,,,,,,,,,,,,,,,,,,,,,,,,,,,,,,
Auburn,Alabama,1,2,6,2,Pass Incompletion,41,4,0,59,false,Auburn,4:00,SEC,7,2,4014039576,401403957,Alabama,401403957101959901,SEC,7,3,Bryce Young pass incomplete to Kendrick Law,2022-11-26T21:12:45.000Z,2022,13,regular,neither,2.8,Unsuccessful,false,true,,Bryce Young,Kendrick Law,,,,,,,,,,,,,,,,,,,,,,,,,,,,,,,,,
Auburn,Alabama,1,3,6,3,Pass Reception,41,4,13,59,false,Auburn,3:55,SEC,7,2,4014039576,401403957,Alabama,401403957101964401,SEC,7,3,Bryce Young pass complete to Kendrick Law for 13 yds to the Aub 46 for a 1ST down,2022-11-26T21:13:57.000Z,2022,13,regular,neither,4,Successful,true,true,,Bryce Young,Kendrick Law,,,,,,,,,,,,,,,,,,,,,,,,,,,,,,,,,
Auburn,Alabama,1,1,6,4,Pass Reception,54,10,7,46,false,Auburn,3:38,SEC,7,2,4014039576,401403957,Alabama,401403957101966101,SEC,7,3,Bryce Young pass complete to Jahmyr Gibbs for 7 yds to the Aub 39,2022-11-26T21:15:59.000Z,2022,13,regular,neither,5.0,Successful,false,true,,Bryce Young,Jahmyr Gibbs,,,,,,,,,,,,,,,,,,,,,,,,,,,,,,,,,
Auburn,Alabama,1,2,6,5,Pass Reception,61,3,11,39,false,Auburn,3:01,SEC,7,2,4014039576,401403957,Alabama,401403957101969801,SEC,7,3,Bryce Young pass complete to Ja'Corey Brooks for 11 yds to the Aub 28 for a 1ST down,2022-11-26T21:16:45.000Z,2022,13,regular,neither,2.0999999999999996,Successful,true,true,,Bryce Young,Ja'Corey Brooks,,,,,,,,,,,,,,,,,,,,,,,,,,,,,,,,,
Auburn,Alabama,1,1,6,6,Pass Reception,72,10,17,28,false,Auburn,2:42,SEC,7,2,4014039576,401403957,Alabama,401403957101975701,SEC,7,3,Bryce Young pass complete to Robbie Ouzts for 17 yds to the Aub 11 for a 1ST down,2022-11-26T21:17:06.000Z,2022,13,regular,neither,5.0,Successful,true,true,,Bryce Young,Robbie Ouzts,,,,,,,,,,,,,,,,,,,,,,,,,,,,,,,,,
Auburn,Alabama,1,1,6,7,Rush,89,10,1,11,false,Auburn,2:13,SEC,7,2,4014039576,401403957,Alabama,401403957101978601,SEC,7,3,Jahmyr Gibbs run for 1 yd to the Aub 10,2022-11-26T21:17:37.000Z,2022,13,regular,neither,5.0,Unsuccessful,false,true,Jahmyr Gibbs,,,,,,,,,,,,,,,,,,,,,,,,,,,,,,,,,,,
Auburn,Alabama,1,2,6,8,Passing Touchdown,90,9,10,10,true,Auburn,1:37,SEC,7,2,4014039576,401403957,Alabama,401403957101986201,SEC,14,3,"Bryce Young pass complete to Jase McClellan for 10 yds for a TD, (Will Reichard KICK)",2022-11-26T21:19:02.000Z,2022,13,regular,offense,6.3,Successful,true,true,,Bryce Young,Jase McClellan,,,,,,Will Reichard,made,,,,,,,,,,,,,,,,,,,,,,,,,,
Auburn,Alabama,1,2,7,1,Kickoff,35,9,0,65,false,Auburn,1:37,SEC,7,2,4014039577,401403957,Alabama,401403957101986203,SEC,14,3,Will Reichard kickoff for 65 yds for a touchback,2022-11-26T21:20:39.000Z,2022,13,regular,neither,6.3,Kickoff,false,false,,,,,,,,,,,,,,,,Will Reichard,touchback,No data,,,,,,,,,,,,,,,,,,
Alabama,Auburn,1,1,7,2,Pass Reception,75,10,13,75,false,Auburn,1:20,SEC,14,3,4014039577,401403957,Alabama,401403957101987901,SEC,7,2,Robby Ashford pass complete to Shedrick Jackson for 13 yds to the Aub 38 for a 1ST down,2022-11-26T21:21:37.000Z,2022,13,regular,neither,5.0,Successful,true,false,,Robby Ashford,Shedrick Jackson,,,,,,,,,,,,,,,,,,,,,,,,,,,,,,,,,
Alabama,Auburn,1,1,7,3,Fumble Recovery (Opponent),62,10,10,62,false,Auburn,0:56,SEC,14,3,4014039577,401403957,Alabama,401403957101994301,SEC,7,2,"Jarquez Hunter run for 10 yds to the Aub 48 Jarquez Hunter fumbled, recovered by Alab DJ Dale",2022-11-26T21:22:48.000Z,2022,13,regular,neither,5.0,Unsuccessful,true,false,,,,,,,Jarquez Hunter,DJ Dale,,,,,,,,,,,,,,,,,,,,,,,,,,,,
Auburn,Alabama,1,1,8,1,Pass Reception,52,10,13,48,false,Auburn,0:47,SEC,7,2,4014039578,401403957,Alabama,401403957101995201,SEC,14,3,Bryce Young pass complete to Isaiah Bond for 13 yds to the Aub 35 for a 1ST down,2022-11-26T21:23:24.000Z,2022,13,regular,neither,5.0,Successful,true,true,,Bryce Young,Isaiah Bond,,,,,,,,,,,,,,,,,,,,,,,,,,,,,,,,,
Auburn,Alabama,1,1,8,2,Pass Reception,65,10,24,35,false,Auburn,0:20,SEC,7,2,4014039578,401403957,Alabama,401403957101997901,SEC,14,3,Bryce Young pass complete to Ja'Corey Brooks for 24 yds to the Aub 11 for a 1ST down,2022-11-26T21:23:37.000Z,2022,13,regular,neither,5.0,Successful,true,true,,Bryce Young,Ja'Corey Brooks,,,,,,,,,,,,,,,,,,,,,,,,,,,,,,,,,
Auburn,Alabama,1,1,8,3,Rush,89,10,6,11,false,Auburn,0:09,SEC,7,2,4014039578,401403957,Alabama,401403957101999001,SEC,14,3,Jase McClellan run for 6 yds to the Aub 5,2022-11-26T21:23:49.000Z,2022,13,regular,neither,5.0,Successful,false,true,Jase McClellan,,,,,,,,,,,,,,,,,,,,,,,,,,,,,,,,,,,
Auburn,Alabama,1,0,8,4,End Period,89,10,0,11,false,Auburn,0:00,SEC,7,2,4014039578,401403957,Alabama,401403957101999002,SEC,14,3,End of 1st Quarter,2022-11-26T21:24:05.000Z,2022,13,regular,neither,10,End of,false,true,,,,,,,,,,,,,,,,,,,,,,,,,,,,,,,,,,,,
Auburn,Alabama,2,2,8,5,Rushing Touchdown,95,4,5,5,true,Auburn,14:56,SEC,7,2,4014039578,401403957,Alabama,401403957102854301,SEC,21,3,"Roydell Williams run for 5 yds for a TD, (Will Reichard KICK)",2022-11-26T21:28:46.000Z,2022,13,regular,offense,2.8,Successful,true,true,Roydell Williams,,,,,,,,Will Reichard,made,,,,,,,,,,,,,,,,,,,,,,,,,,
Auburn,Alabama,2,2,9,1,Kickoff,35,4,0,65,false,Auburn,14:56,SEC,7,2,4014039579,401403957,Alabama,401403957102854303,SEC,21,3,Will Reichard kickoff for 65 yds for a touchback,2022-11-26T21:28:46.000Z,2022,13,regular,neither,2.8,Kickoff,false,true,,,,,,,,,,,,,,,,Will Reichard,touchback,No data,,,,,,,,,,,,,,,,,,
Alabama,Auburn,2,1,9,2,Penalty,75,10,-5,75,false,Auburn,14:56,SEC,21,3,4014039579,401403957,Alabama,401403957102854304,SEC,7,2,"AUBURN Penalty, False Start (-5 Yards) to the Aub 20",2022-11-26T21:30:56.000Z,2022,13,regular,neither,5.0,Penalty,false,true,,,,,,,,,,,,,,,,,,,,,,,,,False Start,enforced,Auburn,No data,,,,,,,,
Alabama,Auburn,2,1,9,3,Rush,80,15,19,80,false,Auburn,14:47,SEC,21,3,4014039579,401403957,Alabama,401403957102855201,SEC,7,2,Jarquez Hunter run for 19 yds to the Aub 39 for a 1ST down,2022-11-26T21:31:28.000Z,2022,13,regular,neither,7.5,Successful,true,true,Jarquez Hunter,,,,,,,,,,,,,,,,,,,,,,,,,,,,,,,,,,,
Alabama,Auburn,2,1,9,4,Pass Incompletion,61,10,0,61,false,Auburn,14:18,SEC,21,3,4014039579,401403957,Alabama,401403957102858102,SEC,7,2,Robby Ashford pass incomplete,2022-11-26T21:32:05.000Z,2022,13,regular,neither,5.0,Unsuccessful,false,true,,Robby Ashford,No Data,,,,,,,,,,,,,,,,,,,,,,,,,,,,,,,,,
Alabama,Auburn,2,2,9,5,Rush,61,10,10,61,false,Auburn,14:05,SEC,21,3,4014039579,401403957,Alabama,401403957102859401,SEC,7,2,Tank Bigsby run for 10 yds to the Aub 49 for a 1ST down,2022-11-26T21:33:01.000Z,2022,13,regular,neither,7.0,Successful,true,true,Tank Bigsby,,,,,,,,,,,,,,,,,,,,,,,,,,,,,,,,,,,
Alabama,Auburn,2,1,9,6,Pass Reception,51,10,17,51,false,Auburn,13:12,SEC,21,3,4014039579,401403957,Alabama,401403957102868701,SEC,7,2,Robby Ashford pass complete to Koy Moore for 17 yds to the Alab 34 for a 1ST down,2022-11-26T21:33:48.000Z,2022,13,regular,neither,5.0,Successful,true,true,,Robby Ashford,Koy Moore,,,,,,,,,,,,,,,,,,,,,,,,,,,,,,,,,
Alabama,Auburn,2,1,9,7,Pass Reception,34,10,3,34,false,Auburn,12:49,SEC,21,3,4014039579,401403957,Alabama,401403957102875001,SEC,7,2,Robby Ashford pass complete to Tank Bigsby for 3 yds to the Alab 31,2022-11-26T21:34:12.000Z,2022,13,regular,neither,5.0,Unsuccessful,false,true,,Robby Ashford,Tank Bigsby,,,,,,,,,,,,,,,,,,,,,,,,,,,,,,,,,
Alabama,Auburn,2,2,9,8,Pass Reception,31,7,6,31,false,Auburn,12:04,SEC,21,3,4014039579,401403957,Alabama,401403957102879501,SEC,7,2,Robby Ashford pass complete to Jarquez Hunter for 6 yds to the Alab 25,2022-11-26T21:35:04.000Z,2022,13,regular,neither,4.8999999999999995,Successful,false,true,,Robby Ashford,Jarquez Hunter,,,,,,,,,,,,,,,,,,,,,,,,,,,,,,,,,
Alabama,Auburn,2,3,9,9,Rush,25,1,2,25,false,Auburn,11:23,SEC,21,3,4014039579,401403957,Alabama,401403957102887601,SEC,7,2,Jarquez Hunter run for 2 yds to the Alab 23 for a 1ST down,2022-11-26T21:35:53.000Z,2022,13,regular,neither,1,Successful,true,true,Jarquez Hunter,,,,,,,,,,,,,,,,,,,,,,,,,,,,,,,,,,,
Alabama,Auburn,2,1,9,10,Rush,23,10,2,23,false,Auburn,10:56,SEC,21,3,4014039579,401403957,Alabama,401403957102894301,SEC,7,2,Tank Bigsby run for 2 yds to the Alab 21,2022-11-26T21:36:20.000Z,2022,13,regular,neither,5.0,Unsuccessful,false,true,Tank Bigsby,,,,,,,,,,,,,,,,,,,,,,,,,,,,,,,,,,,
Alabama,Auburn,2,2,9,11,Rush,21,8,1,21,false,Auburn,10:12,SEC,21,3,4014039579,401403957,Alabama,401403957102898701,SEC,7,2,Tank Bigsby run for 1 yd to the Alab 20,2022-11-26T21:37:04.000Z,2022,13,regular,neither,5.6,Unsuccessful,false,true,Tank Bigsby,,,,,,,,,,,,,,,,,,,,,,,,,,,,,,,,,,,
Alabama,Auburn,2,3,9,12,Passing Touchdown,20,7,20,20,true,Auburn,9:34,SEC,21,3,4014039579,401403957,Alabama,401403957102906501,SEC,14,2,"Robby Ashford pass complete to Ja'Varrius Johnson for 20 yds for a TD, (Alex McPherson KICK)",2022-11-26T21:39:37.000Z,2022,13,regular,offense,7,Successful,true,true,,Robby Ashford,Ja'Varrius Johnson,,,,,,Alex McPherson,made,,,,,,,,,,,,,,,,,,,,,,,,,,
Alabama,Auburn,2,3,10,1,Kickoff,65,7,10,65,false,Auburn,9:34,SEC,21,3,40140395710,401403957,Alabama,401403957102906503,SEC,14,2,"Evan McGuire kickoff for 60 yds , Jahmyr Gibbs return for 10 yds to the Alab 45 ALABAMA Penalty, Personal Foul (7 Yards) to the Alab 8",2022-11-26T21:43:55.000Z,2022,13,regular,neither,7,Kickoff,true,true,,,,,,,,,,,,,,,,Evan McGuire,returned,Jahmyr Gibbs,,,,,,,Personal Foul,enforced,Alabama,No data,,,,,,,,
Auburn,Alabama,2,1,10,2,Rush,8,10,6,92,false,Auburn,9:22,SEC,14,2,40140395710,401403957,Alabama,401403957102907702,SEC,21,3,Jahmyr Gibbs run for 6 yds to the Alab 14,2022-11-26T21:45:30.000Z,2022,13,regular,neither,5.0,Successful,false,true,Jahmyr Gibbs,,,,,,,,,,,,,,,,,,,,,,,,,,,,,,,,,,,
Auburn,Alabama,2,2,10,3,Rush,14,4,2,86,false,Auburn,9:00,SEC,14,2,40140395710,401403957,Alabama,401403957102909901,SEC,21,3,Jahmyr Gibbs run for 2 yds to the Alab 16,2022-11-26T21:47:06.000Z,2022,13,regular,neither,2.8,Unsuccessful,false,true,Jahmyr Gibbs,,,,,,,,,,,,,,,,,,,,,,,,,,,,,,,,,,,
Auburn,Alabama,2,3,10,4,Pass Reception,16,2,18,84,false,Auburn,8:26,SEC,14,2,40140395710,401403957,Alabama,401403957102917301,SEC,21,3,Bryce Young pass complete to Jermaine Burton for 18 yds to the Alab 34 for a 1ST down,2022-11-26T21:50:41.000Z,2022,13,regular,neither,2,Successful,true,true,,Bryce Young,Jermaine Burton,,,,,,,,,,,,,,,,,,,,,,,,,,,,,,,,,
Auburn,Alabama,2,1,10,5,Penalty,34,10,-10,66,false,Auburn,7:58,SEC,14,2,40140395710,401403957,Alabama,401403957102924101,SEC,21,3,"Earle, JoJo rush for 5 yards to the ALABAMA39, PENALTY ALABAMA holding (Burton, Jermaine) 10 yards to the ALABAMA24, NO PLAY.",2022-11-26T21:51:28.000Z,2022,13,regular,neither,5.0,Penalty,false,true,,,,,,,,,,,,,,,,,,,,,,,,,Holding,enforced,Alabama,Jermaine Burton,,,,,,,,
Auburn,Alabama,2,1,10,6,Pass Incompletion,24,20,0,76,false,Auburn,7:31,SEC,14,2,40140395710,401403957,Alabama,401403957102926801,SEC,21,3,Bryce Young pass incomplete to Jermaine Burton,2022-11-26T21:52:24.000Z,2022,13,regular,neither,10.0,Unsuccessful,false,true,,Bryce Young,Jermaine Burton,,,,,,,,,,,,,,,,,,,,,,,,,,,,,,,,,
Auburn,Alabama,2,2,10,7,Pass Reception,24,20,1,76,false,Auburn,7:22,SEC,14,2,40140395710,401403957,Alabama,401403957102927701,SEC,21,3,Bryce Young pass complete to Jahmyr Gibbs for 1 yd to the Alab 25,2022-11-26T21:52:46.000Z,2022,13,regular,neither,14.0,Unsuccessful,false,true,,Bryce Young,Jahmyr Gibbs,,,,,,,,,,,,,,,,,,,,,,,,,,,,,,,,,
Auburn,Alabama,2,3,10,8,Pass Reception,25,19,39,75,false,Auburn,6:22,SEC,14,2,40140395710,401403957,Alabama,401403957102937701,SEC,21,3,Bryce Young pass complete to Kendrick Law for 39 yds to the Aub 36 for a 1ST down,2022-11-26T21:53:54.000Z,2022,13,regular,neither,19,Successful,true,true,,Bryce Young,Kendrick Law,,,,,,,,,,,,,,,,,,,,,,,,,,,,,,,,,
Auburn,Alabama,2,1,10,9,Rush,64,10,4,36,false,Auburn,6:14,SEC,14,2,40140395710,401403957,Alabama,401403957102938501,SEC,21,3,Jahmyr Gibbs run for 4 yds to the Aub 32,2022-11-26T21:54:05.000Z,2022,13,regular,neither,5.0,Unsuccessful,false,true,Jahmyr Gibbs,,,,,,,,,,,,,,,,,,,,,,,,,,,,,,,,,,,
Auburn,Alabama,2,2,10,10,Passing Touchdown,68,6,32,32,true,Auburn,5:39,SEC,14,2,40140395710,401403957,Alabama,401403957102946003,SEC,28,3,Ja'Corey Brooks 32 Yd pass from Bryce Young (Will Reichard Kick),2022-11-26T21:55:26.000Z,2022,13,regular,offense,4.199999999999999,Successful,true,true,,Bryce Young,Ja'Corey Brooks,,,,,,Will Reichard,made,,,,,,,,,,,,,,,,,,,,,,,,,,
Auburn,Alabama,2,2,11,1,Kickoff,35,6,28,65,false,Auburn,5:39,SEC,14,2,40140395711,401403957,Alabama,401403957102946004,SEC,28,3,"Will Reichard kickoff for 60 yds , Jarquez Hunter return for 28 yds to the Aub 33",2022-11-26T21:55:26.000Z,2022,13,regular,neither,4.199999999999999,Kickoff,true,false,,,,,,,,,,,,,,,,Will Reichard,returned,Jarquez Hunter,,,,,,,,,,,,,,,,,,
Alabama,Auburn,2,1,11,2,Penalty,67,10,-5,67,false,Auburn,5:33,SEC,28,3,40140395711,401403957,Alabama,401403957102946601,SEC,14,2,"AUBURN Penalty, False Start (Kameron Stutts) to the Aub 28",2022-11-26T21:59:08.000Z,2022,13,regular,neither,5.0,Penalty,false,false,,,,,,,,,,,,,,,,,,,,,,,,,False Start,enforced,Auburn,Kameron Stutts,,,,,,,,
Alabama,Auburn,2,1,11,3,Penalty,72,15,-5,72,false,Auburn,5:33,SEC,28,3,40140395711,401403957,Alabama,401403957102946602,SEC,14,2,"AUBURN Penalty, False Start (Keiondre Jones) to the Aub 23",2022-11-26T21:59:08.000Z,2022,13,regular,neither,7.5,Penalty,false,false,,,,,,,,,,,,,,,,,,,,,,,,,False Start,enforced,Auburn,Keiondre Jones,,,,,,,,
Alabama,Auburn,2,1,11,4,Rush,77,20,5,77,false,Auburn,5:26,SEC,28,3,40140395711,401403957,Alabama,401403957102947301,SEC,14,2,Tank Bigsby run for 5 yds to the Aub 28,2022-11-26T22:00:22.000Z,2022,13,regular,neither,10.0,Unsuccessful,false,false,Tank Bigsby,,,,,,,,,,,,,,,,,,,,,,,,,,,,,,,,,,,
Alabama,Auburn,2,2,11,5,Pass Incompletion,72,15,0,72,false,Auburn,4:47,SEC,28,3,40140395711,401403957,Alabama,401403957102955201,SEC,14,2,Robby Ashford pass incomplete,2022-11-26T22:00:54.000Z,2022,13,regular,neither,10.5,Unsuccessful,false,false,,Robby Ashford,No Data,,,,,,,,,,,,,,,,,,,,,,,,,,,,,,,,,
Alabama,Auburn,2,3,11,6,Pass Incompletion,72,15,0,72,false,Auburn,4:40,SEC,28,3,40140395711,401403957,Alabama,401403957102955901,SEC,14,2,Robby Ashford pass incomplete to Shedrick Jackson,2022-11-26T22:01:49.000Z,2022,13,regular,neither,15,Unsuccessful,false,false,,Robby Ashford,Shedrick Jackson,,,,,,,,,,,,,,,,,,,,,,,,,,,,,,,,,
Alabama,Auburn,2,4,11,7,Punt,72,15,-12,72,false,Auburn,4:31,SEC,28,3,40140395711,401403957,Alabama,401403957102956801,SEC,14,2,"Oscar Chapman punt for 36 yds , Kool-Aid McKinstry returns for a loss of 12 yards to the Alab 24 Kool-Aid McKinstry fumbled, recovered by Alab Kool-Aid McKinstry",2022-11-26T22:03:11.000Z,2022,13,regular,neither,15,Punt,false,false,,,,,,,,,,,,,,,,,,Kool-Aid McKinstry,,,Oscar Chapman,returned,,,,,,,,,,,,,,
Auburn,Alabama,2,1,12,1,Rush,24,10,3,76,false,Auburn,4:05,SEC,14,2,40140395712,401403957,Alabama,401403957102959401,SEC,28,3,Jahmyr Gibbs run for 3 yds to the Alab 27,2022-11-26T22:03:29.000Z,2022,13,regular,neither,5.0,Unsuccessful,false,false,Jahmyr Gibbs,,,,,,,,,,,,,,,,,,,,,,,,,,,,,,,,,,,
Auburn,Alabama,2,2,12,2,Pass Incompletion,27,7,0,73,false,Auburn,3:45,SEC,14,2,40140395712,401403957,Alabama,401403957102965401,SEC,28,3,Bryce Young pass incomplete to Terrion Arnold,2022-11-26T22:03:53.000Z,2022,13,regular,neither,4.8999999999999995,Unsuccessful,false,false,,Bryce Young,Terrion Arnold,,,,,,,,,,,,,,,,,,,,,,,,,,,,,,,,,
Auburn,Alabama,2,3,12,3,Penalty,27,7,5,73,false,Auburn,3:38,SEC,14,2,40140395712,401403957,Alabama,401403957102966101,SEC,28,3,"Young, Bryce pass incomplete to Brooks, Ja'Corey, PENALTY AUBURN offside (Wooden, Colby) 5 yards to the ALABAMA32, NO PLAY.",2022-11-26T22:05:13.000Z,2022,13,regular,neither,7,Penalty,false,false,,,,,,,,,,,,,,,,,,,,,,,,,Offside,enforced,Auburn,Colby Wooden,,,,,,,,
Auburn,Alabama,2,3,12,4,Penalty,32,2,-15,68,false,Auburn,3:15,SEC,14,2,40140395712,401403957,Alabama,401403957102968401,SEC,28,3,"Young, Bryce pass complete to Ouzts, Robbie for 17 yards to the ALABAMA49, PENALTY ALABAMA pass interference (Brooks, Ja'Corey) 15 yards to the ALABAMA17, NO PLAY.",2022-11-26T22:07:40.000Z,2022,13,regular,neither,2,Penalty,false,false,,,,,,,,,,,,,,,,,,,,,,,,,Pass Interference,enforced,Alabama,Ja'Corey Brooks,,,,,,,,
Auburn,Alabama,2,3,12,5,Pass Incompletion,17,17,0,83,false,Auburn,2:47,SEC,14,2,40140395712,401403957,Alabama,401403957102975201,SEC,28,3,Bryce Young pass incomplete to Ja'Corey Brooks,2022-11-26T22:07:53.000Z,2022,13,regular,neither,17,Unsuccessful,false,false,,Bryce Young,Ja'Corey Brooks,,,,,,,,,,,,,,,,,,,,,,,,,,,,,,,,,
Auburn,Alabama,2,4,12,6,Punt,17,17,1,83,false,Auburn,2:47,SEC,14,2,40140395712,401403957,Alabama,401403957102975202,SEC,28,3,"James Burnip punt for 47 yds , Keionte Scott returns for 1 yd to the Aub 37 Keionte Scott fumbled, recovered by Alab Kneeland Hibbett",2022-11-26T22:07:53.000Z,2022,13,regular,neither,17,Punt,false,false,,,,,,,,,,,,,,,,,,Keionte Scott,,,James Burnip,returned,,,,,,,,,,,,,,
Auburn,Alabama,2,1,13,1,Pass Incompletion,63,10,0,37,false,Auburn,2:40,SEC,14,2,40140395713,401403957,Alabama,401403957102975901,SEC,28,3,Bryce Young pass incomplete to Isaiah Bond,2022-11-26T22:10:56.000Z,2022,13,regular,neither,5.0,Unsuccessful,false,true,,Bryce Young,Isaiah Bond,,,,,,,,,,,,,,,,,,,,,,,,,,,,,,,,,
Auburn,Alabama,2,2,13,2,Penalty,63,10,-10,37,false,Auburn,2:34,SEC,14,2,40140395713,401403957,Alabama,401403957102976501,SEC,28,3,"McClellan, Jase rush for 8 yards to the AUBURN29, PENALTY ALABAMA holding (Booker, Tyler) 10 yards to the AUBURN47, NO PLAY.",2022-11-26T22:12:33.000Z,2022,13,regular,neither,7.0,Penalty,false,true,,,,,,,,,,,,,,,,,,,,,,,,,Holding,enforced,Alabama,Tyler Booker,,,,,,,,
Auburn,Alabama,2,2,13,3,Rush,53,20,21,47,false,Auburn,2:02,SEC,14,2,40140395713,401403957,Alabama,401403957102979701,SEC,28,3,Bryce Young run for 21 yds to the Aub 26 for a 1ST down,2022-11-26T22:13:43.000Z,2022,13,regular,neither,14.0,Successful,true,true,Bryce Young,,,,,,,,,,,,,,,,,,,,,,,,,,,,,,,,,,,
Auburn,Alabama,2,1,13,4,Rush,74,10,-1,26,false,Auburn,1:35,SEC,14,2,40140395713,401403957,Alabama,401403957102986401,SEC,28,3,Jahmyr Gibbs run for a loss of 1 yard to the Aub 27,2022-11-26T22:14:15.000Z,2022,13,regular,neither,5.0,Unsuccessful,false,true,Jahmyr Gibbs,,,,,,,,,,,,,,,,,,,,,,,,,,,,,,,,,,,
Auburn,Alabama,2,2,13,5,Passing Touchdown,73,11,27,27,true,Auburn,0:54,SEC,14,2,40140395713,401403957,Alabama,401403957102994501,SEC,35,3,"Bryce Young pass complete to Traeshon Holden for 27 yds for a TD, (Will Reichard KICK)",2022-11-26T22:15:37.000Z,2022,13,regular,offense,7.699999999999999,Successful,true,true,,Bryce Young,Traeshon Holden,,,,,,Will Reichard,made,,,,,,,,,,,,,,,,,,,,,,,,,,
Auburn,Alabama,2,2,14,1,Kickoff,35,11,60,65,false,Auburn,0:54,SEC,14,2,40140395714,401403957,Alabama,401403957102994503,SEC,35,3,"Will Reichard kickoff for 65 yds for a touchback ALABAMA Penalty, Defensive Offside (-5 Yards)",2022-11-26T22:17:36.000Z,2022,13,regular,neither,7.699999999999999,Kickoff,true,false,,,,,,,,,,,,,,,,Will Reichard,touchback,No data,,,,,,,Defensive Offside,enforced,Alabama,No data,,,,,,,,
Alabama,Auburn,2,1,14,2,Rush,70,10,12,70,false,Auburn,0:42,SEC,35,3,40140395714,401403957,Alabama,401403957102995701,SEC,14,2,Robby Ashford run for 12 yds to the Aub 42 for a 1ST down,2022-11-26T22:18:23.000Z,2022,13,regular,neither,5.0,Successful,true,false,Robby Ashford,,,,,,,,,,,,,,,,,,,,,,,,,,,,,,,,,,,
Alabama,Auburn,2,1,14,3,Pass Incompletion,58,10,0,58,false,Auburn,0:31,SEC,35,3,40140395714,401403957,Alabama,401403957102996801,SEC,14,2,Robby Ashford pass incomplete to Jarquez Hunter,2022-11-26T22:18:41.000Z,2022,13,regular,neither,5.0,Unsuccessful,false,false,,Robby Ashford,Jarquez Hunter,,,,,,,,,,,,,,,,,,,,,,,,,,,,,,,,,
Alabama,Auburn,2,2,14,4,Pass Incompletion,58,10,0,58,false,Auburn,0:27,SEC,35,3,40140395714,401403957,Alabama,401403957102997201,SEC,14,2,Robby Ashford pass incomplete to Koy Moore,2022-11-26T22:19:14.000Z,2022,13,regular,neither,7.0,Unsuccessful,false,false,,Robby Ashford,Koy Moore,,,,,,,,,,,,,,,,,,,,,,,,,,,,,,,,,
Alabama,Auburn,2,3,14,5,Pass Incompletion,58,10,0,58,false,Auburn,0:22,SEC,35,3,40140395714,401403957,Alabama,401403957102997701,SEC,14,2,Robby Ashford pass incomplete,2022-11-26T22:20:13.000Z,2022,13,regular,neither,10,Unsuccessful,false,false,,Robby Ashford,No Data,,,,,,,,,,,,,,,,,,,,,,,,,,,,,,,,,
Alabama,Auburn,2,4,14,6,Punt,58,10,50,58,false,Auburn,0:13,SEC,35,3,40140395714,401403957,Alabama,401403957102998601,SEC,14,2,"Oscar Chapman punt for 42 yds, fair catch by Kool-Aid McKinstry at the ALABAMA 16 ALABAMA Penalty, Offensive Holding (8 Yards) to the Alab 8",2022-11-26T22:21:19.000Z,2022,13,regular,neither,10,Punt,true,false,,,,,,,,,,,,,,,,,,Kool-Aid McKinstry,,,Oscar Chapman,fair catch,,,Offensive Holding,enforced,Alabama,No data,,,,,,,,
Auburn,Alabama,2,1,15,1,Rush,8,10,-3,92,false,Auburn,0:07,SEC,14,2,40140395715,401403957,Alabama,401403957102999201,SEC,35,3,Jahmyr Gibbs run for a loss of 3 yards to the Alab 5,2022-11-26T22:21:53.000Z,2022,13,regular,neither,5.0,Unsuccessful,false,false,Jahmyr Gibbs,,,,,,,,,,,,,,,,,,,,,,,,,,,,,,,,,,,
Auburn,Alabama,2,2,15,2,Timeout,5,13,0,95,false,Auburn,0:05,SEC,14,1,40140395715,401403957,Alabama,401403957102999401,SEC,35,3,"Timeout AUBURN, clock 00:05",2022-11-26T22:22:14.000Z,2022,13,regular,neither,9.1,Timeout,false,false,,,,,,,,,,,,,,,,,,,,,,,Auburn,00:05,,,,,,,,,,,,
Auburn,Alabama,2,2,15,3,Rush,5,13,4,95,false,Auburn,0:02,SEC,14,1,40140395715,401403957,Alabama,401403957102999701,SEC,35,3,Jase McClellan run for 4 yds to the Alab 9,2022-11-26T22:23:39.000Z,2022,13,regular,neither,9.1,Unsuccessful,false,false,Jase McClellan,,,,,,,,,,,,,,,,,,,,,,,,,,,,,,,,,,,
Auburn,Alabama,2,0,15,4,End of Half,5,13,0,95,false,Auburn,0:00,SEC,14,1,40140395715,401403957,Alabama,401403957102999702,SEC,35,3,End of 2nd Quarter,2022-11-26T22:23:57.000Z,2022,13,regular,neither,13,End of,false,false,,,,,,,,,,,,,,,,,,,,,,,,,,,,,,,,,,,,
Alabama,Auburn,3,1,16,1,Kickoff,65,10,25,65,false,Auburn,14:51,SEC,35,3,40140395716,401403957,Alabama,401403957103854801,SEC,14,3,"Evan McGuire kickoff for 62 yds , Jahmyr Gibbs return for 25 yds to the Alab 28",2022-11-26T22:44:19.000Z,2022,13,regular,neither,5.0,Kickoff,true,true,,,,,,,,,,,,,,,,Evan McGuire,returned,Jahmyr Gibbs,,,,,,,,,,,,,,,,,,
Auburn,Alabama,3,1,16,2,Rush,28,10,-3,72,false,Auburn,14:19,SEC,14,3,40140395716,401403957,Alabama,401403957103858001,SEC,35,3,Jahmyr Gibbs run for a loss of 3 yards to the Alab 25,2022-11-26T22:45:33.000Z,2022,13,regular,neither,5.0,Unsuccessful,false,true,Jahmyr Gibbs,,,,,,,,,,,,,,,,,,,,,,,,,,,,,,,,,,,
Auburn,Alabama,3,2,16,3,Pass Reception,25,13,10,75,false,Auburn,13:55,SEC,14,3,40140395716,401403957,Alabama,401403957103864401,SEC,35,3,Bryce Young pass complete to Isaiah Bond for 10 yds to the Alab 35,2022-11-26T22:46:02.000Z,2022,13,regular,neither,9.1,Successful,false,true,,Bryce Young,Isaiah Bond,,,,,,,,,,,,,,,,,,,,,,,,,,,,,,,,,
Auburn,Alabama,3,3,16,4,Pass Reception,35,3,17,65,false,Auburn,13:28,SEC,14,3,40140395716,401403957,Alabama,401403957103867101,SEC,35,3,Bryce Young pass complete to Jermaine Burton for 17 yds to the Aub 48 for a 1ST down,2022-11-26T22:47:01.000Z,2022,13,regular,neither,3,Successful,true,true,,Bryce Young,Jermaine Burton,,,,,,,,,,,,,,,,,,,,,,,,,,,,,,,,,
Auburn,Alabama,3,1,16,5,Rush,52,10,14,48,false,Auburn,12:37,SEC,14,3,40140395716,401403957,Alabama,401403957103876201,SEC,35,3,Bryce Young run for 14 yds to the Aub 34 for a 1ST down,2022-11-26T22:47:30.000Z,2022,13,regular,neither,5.0,Successful,true,true,Bryce Young,,,,,,,,,,,,,,,,,,,,,,,,,,,,,,,,,,,
Auburn,Alabama,3,1,16,6,Rush,66,10,8,34,false,Auburn,12:23,SEC,14,3,40140395716,401403957,Alabama,401403957103877601,SEC,35,3,Jase McClellan run for 8 yds to the Aub 26,2022-11-26T22:47:43.000Z,2022,13,regular,neither,5.0,Successful,false,true,Jase McClellan,,,,,,,,,,,,,,,,,,,,,,,,,,,,,,,,,,,
Auburn,Alabama,3,2,16,7,Pass Reception,74,2,7,26,false,Auburn,11:46,SEC,14,3,40140395716,401403957,Alabama,401403957103885301,SEC,35,3,Bryce Young pass complete to Isaiah Bond for 7 yds to the Aub 19 for a 1ST down,2022-11-26T22:48:22.000Z,2022,13,regular,neither,1.4,Successful,true,true,,Bryce Young,Isaiah Bond,,,,,,,,,,,,,,,,,,,,,,,,,,,,,,,,,
Auburn,Alabama,3,1,16,8,Rush,81,10,8,19,false,Auburn,11:08,SEC,14,3,40140395716,401403957,Alabama,401403957103889101,SEC,35,3,Bryce Young run for 8 yds to the Aub 11,2022-11-26T22:49:04.000Z,2022,13,regular,neither,5.0,Successful,false,true,Bryce Young,,,,,,,,,,,,,,,,,,,,,,,,,,,,,,,,,,,
Auburn,Alabama,3,2,16,9,Rush,89,2,5,11,false,Auburn,10:37,SEC,14,3,40140395716,401403957,Alabama,401403957103896201,SEC,35,3,Jase McClellan run for 5 yds to the Aub 6 for a 1ST down,2022-11-26T22:49:41.000Z,2022,13,regular,neither,1.4,Successful,true,true,Jase McClellan,,,,,,,,,,,,,,,,,,,,,,,,,,,,,,,,,,,
Auburn,Alabama,3,1,16,10,Penalty,94,6,4,6,false,Auburn,10:00,SEC,14,3,40140395716,401403957,Alabama,401403957103899901,SEC,35,3,"Young, Bryce pass incomplete to Brooks, Ja'Corey, PENALTY AUBURN pass interference (James, D.J.) 4 yards to the AUBURN2, NO PLAY, 1ST DOWN ALABAMA.",2022-11-26T22:51:18.000Z,2022,13,regular,neither,3.0,Penalty,false,true,,,,,,,,,,,,,,,,,,,,,,,,,Pass Interference,enforced,Auburn,"James, D J.",,,,,,,,
Auburn,Alabama,3,1,16,11,Rushing Touchdown,98,2,2,2,true,Auburn,9:57,SEC,14,3,40140395716,401403957,Alabama,401403957103904201,SEC,42,3,Jase McClellan run for 2 yds for a TD (Will Reichard KICK),2022-11-26T22:51:53.000Z,2022,13,regular,offense,1.0,Successful,true,true,Jase McClellan,,,,,,,,Will Reichard,made,,,,,,,,,,,,,,,,,,,,,,,,,,
Auburn,Alabama,3,1,17,1,Kickoff,35,10,0,65,false,Auburn,9:57,SEC,14,3,40140395717,401403957,Alabama,401403957103904203,SEC,42,3,Will Reichard kickoff for 65 yds for a touchback,2022-11-26T22:51:53.000Z,2022,13,regular,neither,5.0,Kickoff,false,true,,,,,,,,,,,,,,,,Will Reichard,touchback,No data,,,,,,,,,,,,,,,,,,
Alabama,Auburn,3,1,17,2,Rush,75,10,12,75,false,Auburn,9:38,SEC,42,3,40140395717,401403957,Alabama,401403957103906101,SEC,14,3,Jarquez Hunter run for 12 yds to the Aub 37 for a 1ST down,2022-11-26T22:55:37.000Z,2022,13,regular,neither,5.0,Successful,true,true,Jarquez Hunter,,,,,,,,,,,,,,,,,,,,,,,,,,,,,,,,,,,
Alabama,Auburn,3,1,17,3,Rush,63,10,5,63,false,Auburn,9:15,SEC,42,3,40140395717,401403957,Alabama,401403957103908401,SEC,14,3,Tank Bigsby run for 5 yds to the Aub 42,2022-11-26T22:56:06.000Z,2022,13,regular,neither,5.0,Successful,false,true,Tank Bigsby,,,,,,,,,,,,,,,,,,,,,,,,,,,,,,,,,,,
Alabama,Auburn,3,2,17,4,Rush,58,5,4,58,false,Auburn,8:40,SEC,42,3,40140395717,401403957,Alabama,401403957103915901,SEC,14,3,Tank Bigsby run for 4 yds to the Aub 46,2022-11-26T22:56:33.000Z,2022,13,regular,neither,3.5,Successful,false,true,Tank Bigsby,,,,,,,,,,,,,,,,,,,,,,,,,,,,,,,,,,,
Alabama,Auburn,3,3,17,5,Rush,54,1,45,54,false,Auburn,8:02,SEC,42,3,40140395717,401403957,Alabama,401403957103919701,SEC,14,3,Jarquez Hunter run for 45 yds to the Alab 9 for a 1ST down,2022-11-26T22:57:32.000Z,2022,13,regular,neither,1,Successful,true,true,Jarquez Hunter,,,,,,,,,,,,,,,,,,,,,,,,,,,,,,,,,,,
Alabama,Auburn,3,1,17,6,Pass Reception,9,9,-5,9,false,Auburn,7:03,SEC,42,3,40140395717,401403957,Alabama,401403957103929601,SEC,14,3,Robby Ashford pass complete to Tank Bigsby for a loss of 5 yards to the Alab 14,2022-11-26T22:58:19.000Z,2022,13,regular,neither,4.5,Unsuccessful,false,true,,Robby Ashford,Tank Bigsby,,,,,,,,,,,,,,,,,,,,,,,,,,,,,,,,,
Alabama,Auburn,3,2,17,7,Pass Incompletion,14,14,0,14,false,Auburn,6:46,SEC,42,3,40140395717,401403957,Alabama,401403957103935301,SEC,14,3,Robby Ashford pass incomplete to John Samuel Shenker,2022-11-26T22:58:41.000Z,2022,13,regular,neither,9.799999999999999,Unsuccessful,false,true,,Robby Ashford,John Samuel Shenker,,,,,,,,,,,,,,,,,,,,,,,,,,,,,,,,,
Alabama,Auburn,3,3,17,8,Rushing Touchdown,14,14,14,14,true,Auburn,6:38,SEC,42,3,40140395717,401403957,Alabama,401403957103936101,SEC,21,3,Robby Ashford run for 14 yds for a TD (Alex McPherson KICK),2022-11-26T23:01:00.000Z,2022,13,regular,offense,14,Successful,true,true,Robby Ashford,,,,,,,,Alex McPherson,made,,,,,,,,,,,,,,,,,,,,,,,,,,
Alabama,Auburn,3,3,18,1,Kickoff,65,15,14,65,false,Auburn,6:38,SEC,42,3,40140395718,401403957,Alabama,401403957103936103,SEC,21,3,"Evan McGuire kickoff for 49 yds , Ja'Corey Brooks return for 14 yds to the Alab 30",2022-11-26T23:02:25.000Z,2022,13,regular,neither,15,Kickoff,false,false,,,,,,,,,,,,,,,,Evan McGuire,returned,Ja'Corey Brooks,,,,,,,,,,,,,,,,,,
Auburn,Alabama,3,1,18,2,Pass Reception,30,10,9,70,false,Auburn,6:25,SEC,21,3,40140395718,401403957,Alabama,401403957103937401,SEC,42,3,Bryce Young pass complete to Ja'Corey Brooks for 9 yds to the Alab 39,2022-11-26T23:03:49.000Z,2022,13,regular,neither,5.0,Successful,false,false,,Bryce Young,Ja'Corey Brooks,,,,,,,,,,,,,,,,,,,,,,,,,,,,,,,,,
Auburn,Alabama,3,2,18,3,Rush,39,1,3,61,false,Auburn,5:49,SEC,21,3,40140395718,401403957,Alabama,401403957103945001,SEC,42,3,Jase McClellan run for 3 yds to the Alab 42 for a 1ST down,2022-11-26T23:04:32.000Z,2022,13,regular,neither,0.7,Successful,true,false,Jase McClellan,,,,,,,,,,,,,,,,,,,,,,,,,,,,,,,,,,,
Auburn,Alabama,3,1,18,4,Rush,42,10,4,58,false,Auburn,4:42,SEC,21,3,40140395718,401403957,Alabama,401403957103955701,SEC,42,3,Jase McClellan run for 4 yds to the Alab 46,2022-11-26T23:05:32.000Z,2022,13,regular,neither,5.0,Unsuccessful,false,false,Jase McClellan,,,,,,,,,,,,,,,,,,,,,,,,,,,,,,,,,,,
Auburn,Alabama,3,2,18,5,Pass Incompletion,46,6,0,54,false,Auburn,4:36,SEC,21,3,40140395718,401403957,Alabama,401403957103956301,SEC,42,3,Bryce Young pass incomplete to Jahmyr Gibbs,2022-11-26T23:05:41.000Z,2022,13,regular,neither,4.199999999999999,Unsuccessful,false,false,,Bryce Young,Jahmyr Gibbs,,,,,,,,,,,,,,,,,,,,,,,,,,,,,,,,,
Auburn,Alabama,3,3,18,6,Pass Incompletion,46,6,0,54,false,Auburn,4:31,SEC,21,3,40140395718,401403957,Alabama,401403957103956801,SEC,42,3,Bryce Young pass incomplete to Traeshon Holden,2022-11-26T23:06:23.000Z,2022,13,regular,neither,6,Unsuccessful,false,false,,Bryce Young,Traeshon Holden,,,,,,,,,,,,,,,,,,,,,,,,,,,,,,,,,
Auburn,Alabama,3,4,18,7,Punt,46,6,10,54,false,Auburn,4:20,SEC,21,3,40140395718,401403957,Alabama,401403957103957901,SEC,42,3,"James Burnip punt for 43 yds , Keionte Scott returns for 10 yds to the Aub 21",2022-11-26T23:08:11.000Z,2022,13,regular,neither,6,Punt,true,false,,,,,,,,,,,,,,,,,,Keionte Scott,,,James Burnip,returned,,,,,,,,,,,,,,
Alabama,Auburn,3,1,19,1,Rush,79,10,8,79,false,Auburn,3:50,SEC,42,3,40140395719,401403957,Alabama,401403957103964901,SEC,21,3,Tank Bigsby run for 8 yds to the Aub 29,2022-11-26T23:10:15.000Z,2022,13,regular,neither,5.0,Successful,false,false,Tank Bigsby,,,,,,,,,,,,,,,,,,,,,,,,,,,,,,,,,,,
Alabama,Auburn,3,2,19,2,Rush,71,2,5,71,false,Auburn,3:27,SEC,42,3,40140395719,401403957,Alabama,401403957103967201,SEC,21,3,Tank Bigsby run for 5 yds to the Aub 34 for a 1ST down,2022-11-26T23:10:43.000Z,2022,13,regular,neither,1.4,Successful,true,false,Tank Bigsby,,,,,,,,,,,,,,,,,,,,,,,,,,,,,,,,,,,
Alabama,Auburn,3,1,19,3,Rush,66,10,10,66,false,Auburn,3:06,SEC,42,3,40140395719,401403957,Alabama,401403957103969301,SEC,21,3,Robby Ashford run for 10 yds to the Aub 44 for a 1ST down,2022-11-26T23:11:20.000Z,2022,13,regular,neither,5.0,Successful,true,false,Robby Ashford,,,,,,,,,,,,,,,,,,,,,,,,,,,,,,,,,,,
Alabama,Auburn,3,1,19,4,Rush,56,10,10,56,false,Auburn,2:28,SEC,42,3,40140395719,401403957,Alabama,401403957103977101,SEC,21,3,Robby Ashford run for 10 yds to the Alab 46 for a 1ST down,2022-11-26T23:11:56.000Z,2022,13,regular,neither,5.0,Successful,true,false,Robby Ashford,,,,,,,,,,,,,,,,,,,,,,,,,,,,,,,,,,,
Alabama,Auburn,3,1,19,5,Rush,46,10,4,46,false,Auburn,1:40,SEC,42,3,40140395719,401403957,Alabama,401403957103985901,SEC,21,3,Jarquez Hunter run for 4 yds to the Alab 42,2022-11-26T23:12:39.000Z,2022,13,regular,neither,5.0,Unsuccessful,false,false,Jarquez Hunter,,,,,,,,,,,,,,,,,,,,,,,,,,,,,,,,,,,
Alabama,Auburn,3,2,19,6,Pass Incompletion,42,6,0,42,false,Auburn,1:19,SEC,42,3,40140395719,401403957,Alabama,401403957103988001,SEC,21,3,Robby Ashford pass incomplete to Omari Kelly,2022-11-26T23:13:01.000Z,2022,13,regular,neither,4.199999999999999,Unsuccessful,false,false,,Robby Ashford,Omari Kelly,,,,,,,,,,,,,,,,,,,,,,,,,,,,,,,,,
Alabama,Auburn,3,3,19,7,Rush,42,6,5,42,false,Auburn,1:11,SEC,42,3,40140395719,401403957,Alabama,401403957103988801,SEC,21,3,Jarquez Hunter run for 5 yds to the Alab 37,2022-11-26T23:13:47.000Z,2022,13,regular,neither,6,Unsuccessful,false,false,Jarquez Hunter,,,,,,,,,,,,,,,,,,,,,,,,,,,,,,,,,,,
Alabama,Auburn,3,4,19,8,Rush,37,1,6,37,false,Auburn,0:52,SEC,42,3,40140395719,401403957,Alabama,401403957103994701,SEC,21,3,Robby Ashford run for 6 yds to the Alab 31 for a 1ST down,2022-11-26T23:15:41.000Z,2022,13,regular,neither,1,Successful,true,false,Robby Ashford,,,,,,,,,,,,,,,,,,,,,,,,,,,,,,,,,,,
Alabama,Auburn,3,1,19,9,Rush,31,10,0,31,false,Auburn,0:16,SEC,42,3,40140395719,401403957,Alabama,401403957103998301,SEC,21,3,Robby Ashford run for no gain to the Alab 31,2022-11-26T23:16:24.000Z,2022,13,regular,neither,5.0,Unsuccessful,false,false,Robby Ashford,,,,,,,,,,,,,,,,,,,,,,,,,,,,,,,,,,,
Alabama,Auburn,3,0,19,10,End Period,31,10,0,31,false,Auburn,0:00,SEC,42,3,40140395719,401403957,Alabama,401403957103998302,SEC,21,3,End of 3rd Quarter,2022-11-26T23:18:30.000Z,2022,13,regular,neither,10,End of,false,false,,,,,,,,,,,,,,,,,,,,,,,,,,,,,,,,,,,,
Alabama,Auburn,4,2,19,11,Penalty,31,10,-5,31,false,Auburn,15:00,SEC,42,3,40140395719,401403957,Alabama,401403957104849901,SEC,21,3,"AUBURN Penalty, False Start (Tank Bigsby) to the Alab 36",2022-11-26T23:20:52.000Z,2022,13,regular,neither,7.0,Penalty,false,false,,,,,,,,,,,,,,,,,,,,,,,,,False Start,enforced,Auburn,Tank Bigsby,,,,,,,,
Alabama,Auburn,4,2,19,12,Rush,36,15,0,36,false,Auburn,14:55,SEC,42,3,40140395719,401403957,Alabama,401403957104854401,SEC,21,3,Tank Bigsby run for no gain to the Alab 36,2022-11-26T23:21:31.000Z,2022,13,regular,neither,10.5,Unsuccessful,false,false,Tank Bigsby,,,,,,,,,,,,,,,,,,,,,,,,,,,,,,,,,,,
Alabama,Auburn,4,3,19,13,Rush,36,15,25,36,false,Auburn,13:55,SEC,42,3,40140395719,401403957,Alabama,401403957104864401,SEC,21,3,"Robby Ashford run for 13 yds to the Alab 23 for a 1ST down ALABAMA Penalty, Face Mask (12 yards) (Brian Branch) to the Alab 11 for a 1ST down",2022-11-26T23:23:15.000Z,2022,13,regular,neither,15,Successful,true,false,Robby Ashford,,,,,,,,,,,,,,,,,,,,,,,,Face Mask,enforced,Alabama,No data,,,,,,,,
Alabama,Auburn,4,1,19,14,Penalty,11,10,5,11,false,Auburn,13:39,SEC,42,3,40140395719,401403957,Alabama,401403957104866002,SEC,21,3,"ALABAMA Penalty, Defensive Offside (Will Anderson Jr.) to the Alab 6",2022-11-26T23:24:08.000Z,2022,13,regular,neither,5.0,Penalty,false,false,,,,,,,,,,,,,,,,,,,,,,,,,Defensive Offside,enforced,Alabama,Will Anderson Jr.,,,,,,,,
Alabama,Auburn,4,1,19,15,Rush,6,5,0,6,false,Auburn,13:34,SEC,42,3,40140395719,401403957,Alabama,401403957104866502,SEC,21,3,Tank Bigsby run for no gain to the Alab 6,2022-11-26T23:24:53.000Z,2022,13,regular,neither,2.5,Unsuccessful,false,false,Tank Bigsby,,,,,,,,,,,,,,,,,,,,,,,,,,,,,,,,,,,
Alabama,Auburn,4,2,19,16,Fumble Recovery (Own),6,5,-4,6,false,Auburn,13:02,SEC,42,3,40140395719,401403957,Alabama,401403957104869702,SEC,21,3,"Robby Ashford run for a loss of 4 yards to the Alab 10 Robby Ashford fumbled, recovered by Aub Robby Ashford",2022-11-26T23:25:40.000Z,2022,13,regular,neither,3.5,Unsuccessful,false,false,,,,,,,Robby Ashford,Aub Robby Ashford,,,,,,,,,,,,,,,,,,,,,,,,,,,,
Alabama,Auburn,4,3,19,17,Pass Incompletion,10,9,0,10,false,Auburn,12:23,SEC,42,3,40140395719,401403957,Alabama,401403957104877602,SEC,21,3,Robby Ashford pass incomplete,2022-11-26T23:25:46.000Z,2022,13,regular,neither,9,Unsuccessful,false,false,,Robby Ashford,No Data,,,,,,,,,,,,,,,,,,,,,,,,,,,,,,,,,
Alabama,Auburn,4,4,19,18,Penalty,10,9,-5,10,false,Auburn,12:23,SEC,42,3,40140395719,401403957,Alabama,401403957104877603,SEC,21,3,"AUBURN Penalty, Delay of Game (-5 Yards) to the Alab 15",2022-11-26T23:25:46.000Z,2022,13,regular,neither,9,Penalty,false,false,,,,,,,,,,,,,,,,,,,,,,,,,Delay Of Game,enforced,Auburn,No data,,,,,,,,
Alabama,Auburn,4,4,19,19,Field Goal Good,15,14,32,15,true,Auburn,12:18,SEC,42,3,40140395719,401403957,Alabama,401403957104878101,SEC,24,3,Alex McPherson 32 yd FG GOOD,2022-11-26T23:28:17.000Z,2022,13,regular,offense,14,Field Goal,false,false,,,,,,,,,,,,,,,,Alex McPherson,,,,made,,,,,,,,,,,,,,,,
Alabama,Auburn,4,4,20,1,Kickoff,65,14,24,65,false,Auburn,12:18,SEC,42,3,40140395720,401403957,Alabama,401403957104878102,SEC,24,3,"Evan McGuire kickoff for 63 yds , Jahmyr Gibbs return for 24 yds to the Alab 26",2022-11-26T23:28:53.000Z,2022,13,regular,neither,14,Kickoff,true,false,,,,,,,,,,,,,,,,Evan McGuire,returned,Jahmyr Gibbs,,,,,,,,,,,,,,,,,,
Auburn,Alabama,4,1,20,2,Rush,26,10,2,74,false,Auburn,12:03,SEC,24,3,40140395720,401403957,Alabama,401403957104879601,SEC,42,3,Jase McClellan run for 2 yds to the Alab 28,2022-11-26T23:30:55.000Z,2022,13,regular,neither,5.0,Unsuccessful,false,false,Jase McClellan,,,,,,,,,,,,,,,,,,,,,,,,,,,,,,,,,,,
Auburn,Alabama,4,2,20,3,Pass Reception,28,8,18,72,false,Auburn,11:26,SEC,24,3,40140395720,401403957,Alabama,401403957104887301,SEC,42,3,Bryce Young pass complete to Cameron Latu for 18 yds to the Alab 46 for a 1ST down,2022-11-26T23:33:15.000Z,2022,13,regular,neither,5.6,Successful,true,false,,Bryce Young,Cameron Latu,,,,,,,,,,,,,,,,,,,,,,,,,,,,,,,,,
Auburn,Alabama,4,1,20,4,Rush,46,10,6,54,false,Auburn,11:08,SEC,24,3,40140395720,401403957,Alabama,401403957104889101,SEC,42,3,Jahmyr Gibbs run for 6 yds to the Aub 48,2022-11-26T23:34:59.000Z,2022,13,regular,neither,5.0,Successful,false,false,Jahmyr Gibbs,,,,,,,,,,,,,,,,,,,,,,,,,,,,,,,,,,,
Auburn,Alabama,4,2,20,5,Rush,52,4,6,48,false,Auburn,10:29,SEC,24,3,40140395720,401403957,Alabama,401403957104897001,SEC,42,3,Jahmyr Gibbs run for 6 yds to the Aub 42 for a 1ST down,2022-11-26T23:35:05.000Z,2022,13,regular,neither,2.8,Successful,true,false,Jahmyr Gibbs,,,,,,,,,,,,,,,,,,,,,,,,,,,,,,,,,,,
Auburn,Alabama,4,1,20,6,Pass Reception,58,10,12,42,false,Auburn,9:54,SEC,24,3,40140395720,401403957,Alabama,401403957104904501,SEC,42,3,Bryce Young pass complete to Robbie Ouzts for 12 yds to the Aub 30 for a 1ST down,2022-11-26T23:35:53.000Z,2022,13,regular,neither,5.0,Successful,true,false,,Bryce Young,Robbie Ouzts,,,,,,,,,,,,,,,,,,,,,,,,,,,,,,,,,
Auburn,Alabama,4,1,20,7,Rush,70,10,5,30,false,Auburn,9:24,SEC,24,3,40140395720,401403957,Alabama,401403957104907501,SEC,42,3,Jase McClellan run for 5 yds to the Aub 25,2022-11-26T23:36:14.000Z,2022,13,regular,neither,5.0,Successful,false,false,Jase McClellan,,,,,,,,,,,,,,,,,,,,,,,,,,,,,,,,,,,
Auburn,Alabama,4,2,20,8,Rush,75,5,2,25,false,Auburn,8:49,SEC,24,3,40140395720,401403957,Alabama,401403957104915001,SEC,42,3,Jahmyr Gibbs run for 2 yds to the Aub 23,2022-11-26T23:37:14.000Z,2022,13,regular,neither,3.5,Unsuccessful,false,false,Jahmyr Gibbs,,,,,,,,,,,,,,,,,,,,,,,,,,,,,,,,,,,
Auburn,Alabama,4,3,20,9,Pass Reception,77,3,6,23,false,Auburn,8:07,SEC,24,3,40140395720,401403957,Alabama,401403957104919201,SEC,42,3,Bryce Young pass complete to Isaiah Bond for 6 yds to the Aub 17 for a 1ST down,2022-11-26T23:37:55.000Z,2022,13,regular,neither,3,Successful,true,false,,Bryce Young,Isaiah Bond,,,,,,,,,,,,,,,,,,,,,,,,,,,,,,,,,
Auburn,Alabama,4,1,20,10,Rush,83,10,0,17,false,Auburn,7:37,SEC,24,3,40140395720,401403957,Alabama,401403957104926201,SEC,42,3,Jahmyr Gibbs run for no gain to the Aub 17,2022-11-26T23:38:05.000Z,2022,13,regular,neither,5.0,Unsuccessful,false,false,Jahmyr Gibbs,,,,,,,,,,,,,,,,,,,,,,,,,,,,,,,,,,,
Auburn,Alabama,4,2,20,11,Penalty,83,10,-10,17,false,Auburn,7:01,SEC,24,3,40140395720,401403957,Alabama,401403957104929801,SEC,42,3,"Young, Bryce pass complete to Bond, Isaiah for 3 yards to the AUBURN14, PENALTY ALABAMA holding (Latham, JC) 10 yards to the AUBURN27, NO PLAY.",2022-11-26T23:39:01.000Z,2022,13,regular,neither,7.0,Penalty,false,false,,,,,,,,,,,,,,,,,,,,,,,,,Holding,enforced,Alabama,Jc Latham,,,,,,,,
Auburn,Alabama,4,2,20,12,Pass Interception Return,73,20,0,27,false,Auburn,6:36,SEC,24,3,40140395720,401403957,Alabama,401403957104936301,SEC,42,3,Bryce Young pass intercepted Owen Pappoe return for no gain to the Aub 18,2022-11-26T23:42:43.000Z,2022,13,regular,neither,14.0,Unsuccessful,false,false,,Bryce Young,,Owen Pappoe,,,,,,,,,,,,,,,,,,,,,,,,,,,,,,,,
Alabama,Auburn,4,1,21,1,Rush,82,10,-1,82,false,Auburn,6:27,SEC,42,3,40140395721,401403957,Alabama,401403957104937201,SEC,24,3,Jarquez Hunter run for a loss of 1 yard to the Aub 17,2022-11-26T23:43:22.000Z,2022,13,regular,neither,5.0,Unsuccessful,false,false,Jarquez Hunter,,,,,,,,,,,,,,,,,,,,,,,,,,,,,,,,,,,
Alabama,Auburn,4,2,21,2,Rush,83,11,5,83,false,Auburn,5:52,SEC,42,3,40140395721,401403957,Alabama,401403957104944701,SEC,24,3,Jarquez Hunter run for 5 yds to the Aub 22,2022-11-26T23:44:22.000Z,2022,13,regular,neither,7.699999999999999,Unsuccessful,false,false,Jarquez Hunter,,,,,,,,,,,,,,,,,,,,,,,,,,,,,,,,,,,
Alabama,Auburn,4,3,21,3,Sack,78,6,-2,78,false,Auburn,4:52,SEC,42,3,40140395721,401403957,Alabama,401403957104954701,SEC,24,3,Robby Ashford sacked by Chris Braswell for a loss of 2 yards to the Aub 20,2022-11-26T23:44:56.000Z,2022,13,regular,neither,6,Unsuccessful,false,false,,Robby Ashford,,,Chris Braswell,,,,,,,,,,,,,,,,,,,,,,,,,,,,,,,
Alabama,Auburn,4,4,21,4,Timeout,80,8,0,80,false,Auburn,4:39,SEC,42,2,40140395721,401403957,Alabama,401403957104956001,SEC,24,3,"Timeout ALABAMA, clock 04:39",2022-11-26T23:45:20.000Z,2022,13,regular,neither,8,Timeout,false,false,,,,,,,,,,,,,,,,,,,,,,,Alabama,04:39,,,,,,,,,,,,
Alabama,Auburn,4,4,21,5,Penalty,80,8,5,80,false,Auburn,4:27,SEC,42,2,40140395721,401403957,Alabama,401403957104957201,SEC,24,3,"ALABAMA Penalty, Illegal Participation (5 Yards) to the Aub 25",2022-11-26T23:49:06.000Z,2022,13,regular,neither,8,Penalty,false,false,,,,,,,,,,,,,,,,,,,,,,,,,Illegal Participation,enforced,Alabama,No data,,,,,,,,
Alabama,Auburn,4,4,21,6,Rush,75,3,31,75,false,Auburn,4:19,SEC,42,2,40140395721,401403957,Alabama,401403957104958001,SEC,24,3,Robby Ashford run for 31 yds to the Alab 44 for a 1ST down,2022-11-26T23:50:00.000Z,2022,13,regular,neither,3,Successful,true,false,Robby Ashford,,,,,,,,,,,,,,,,,,,,,,,,,,,,,,,,,,,
Alabama,Auburn,4,1,21,7,Rush,44,10,6,44,false,Auburn,4:00,SEC,42,2,40140395721,401403957,Alabama,401403957104959901,SEC,24,3,Jarquez Hunter run for 6 yds to the Alab 38,2022-11-26T23:50:17.000Z,2022,13,regular,neither,5.0,Successful,false,false,Jarquez Hunter,,,,,,,,,,,,,,,,,,,,,,,,,,,,,,,,,,,
Alabama,Auburn,4,2,21,8,Pass Reception,38,4,13,38,false,Auburn,3:36,SEC,42,2,40140395721,401403957,Alabama,401403957104966301,SEC,24,3,Robby Ashford pass complete to Shedrick Jackson for 13 yds to the Alab 25 for a 1ST down,2022-11-26T23:50:42.000Z,2022,13,regular,neither,2.8,Successful,true,false,,Robby Ashford,Shedrick Jackson,,,,,,,,,,,,,,,,,,,,,,,,,,,,,,,,,
Alabama,Auburn,4,1,21,9,Pass Reception,25,10,9,25,false,Auburn,3:15,SEC,42,2,40140395721,401403957,Alabama,401403957104968401,SEC,24,3,Robby Ashford pass complete to Jarquez Hunter for 9 yds to the Alab 16,2022-11-26T23:51:18.000Z,2022,13,regular,neither,5.0,Successful,false,false,,Robby Ashford,Jarquez Hunter,,,,,,,,,,,,,,,,,,,,,,,,,,,,,,,,,
Alabama,Auburn,4,2,21,10,Sack,16,1,-6,16,false,Auburn,2:50,SEC,42,2,40140395721,401403957,Alabama,401403957104974901,SEC,24,3,Robby Ashford sacked by Will Anderson Jr. for a loss of 6 yards to the Alab 22,2022-11-26T23:52:02.000Z,2022,13,regular,neither,0.7,Unsuccessful,false,false,,Robby Ashford,,,Will Anderson Jr.,,,,,,,,,,,,,,,,,,,,,,,,,,,,,,,
Alabama,Auburn,4,3,21,11,Pass Incompletion,22,7,0,22,false,Auburn,2:12,SEC,42,2,40140395721,401403957,Alabama,401403957104978701,SEC,24,3,Robby Ashford pass incomplete to Koy Moore,2022-11-26T23:52:10.000Z,2022,13,regular,neither,7,Unsuccessful,false,false,,Robby Ashford,Koy Moore,,,,,,,,,,,,,,,,,,,,,,,,,,,,,,,,,
Alabama,Auburn,4,4,21,12,Timeout,22,7,0,22,false,Auburn,2:12,SEC,42,2,40140395721,401403957,Alabama,401403957104978702,SEC,24,2,"Timeout AUBURN, clock 02:12",2022-11-26T23:52:10.000Z,2022,13,regular,neither,7,Timeout,false,false,,,,,,,,,,,,,,,,,,,,,,,Auburn,02:12,,,,,,,,,,,,
Alabama,Auburn,4,4,21,13,Field Goal Good,22,7,39,22,true,Auburn,2:08,SEC,42,2,40140395721,401403957,Alabama,401403957104979101,SEC,27,2,Alex McPherson 39 yd FG GOOD,2022-11-26T23:56:58.000Z,2022,13,regular,offense,7,Field Goal,false,false,,,,,,,,,,,,,,,,Alex McPherson,,,,made,,,,,,,,,,,,,,,,
Alabama,Auburn,4,4,22,1,Kickoff,65,7,24,65,false,Auburn,2:04,SEC,42,2,40140395722,401403957,Alabama,401403957104979501,SEC,27,2,"Alex McPherson kickoff for 16 yds , Ja'Corey Brooks return for 24 yds to the Aub 27",2022-11-26T23:58:13.000Z,2022,13,regular,neither,7,Kickoff,true,true,,,,,,,,,,,,,,,,Alex McPherson,returned,Ja'Corey Brooks,,,,,,,,,,,,,,,,,,
Auburn,Alabama,4,1,22,2,Rush,73,10,4,27,false,Auburn,2:00,SEC,27,2,40140395722,401403957,Alabama,401403957104979901,SEC,42,2,Jahmyr Gibbs run for 4 yds to the Aub 23,2022-11-26T23:59:14.000Z,2022,13,regular,neither,5.0,Unsuccessful,false,true,Jahmyr Gibbs,,,,,,,,,,,,,,,,,,,,,,,,,,,,,,,,,,,
Auburn,Alabama,4,2,22,3,Timeout,77,6,0,23,false,Auburn,1:55,SEC,27,1,40140395722,401403957,Alabama,401403957104984402,SEC,42,2,"Timeout AUBURN, clock 01:55",2022-11-27T00:00:26.000Z,2022,13,regular,neither,4.199999999999999,Timeout,false,true,,,,,,,,,,,,,,,,,,,,,,,Auburn,01:55,,,,,,,,,,,,
Auburn,Alabama,4,2,22,4,Rushing Touchdown,77,6,23,23,true,Auburn,1:48,SEC,27,1,40140395722,401403957,Alabama,401403957104985101,SEC,49,2,Jahmyr Gibbs run for 23 yds for a TD (Will Reichard KICK),2022-11-27T00:01:13.000Z,2022,13,regular,offense,4.199999999999999,Successful,true,true,Jahmyr Gibbs,,,,,,,,Will Reichard,made,,,,,,,,,,,,,,,,,,,,,,,,,,
Auburn,Alabama,4,2,23,1,Kickoff,35,6,24,65,false,Auburn,1:48,SEC,27,1,40140395723,401403957,Alabama,401403957104985103,SEC,49,2,"Will Reichard kickoff for 64 yds , Damari Alston return for 24 yds to the Aub 25",2022-11-27T00:02:03.000Z,2022,13,regular,neither,4.199999999999999,Kickoff,true,false,,,,,,,,,,,,,,,,Will Reichard,returned,Damari Alston,,,,,,,,,,,,,,,,,,
Alabama,Auburn,4,1,23,2,Rush,75,10,1,75,false,Auburn,1:35,SEC,49,2,40140395723,401403957,Alabama,401403957104986401,SEC,27,1,Robby Ashford run for 1 yd to the Aub 26,2022-11-27T00:03:50.000Z,2022,13,regular,neither,5.0,Unsuccessful,false,false,Robby Ashford,,,,,,,,,,,,,,,,,,,,,,,,,,,,,,,,,,,
Alabama,Auburn,4,2,23,3,Rush,74,9,27,74,false,Auburn,1:12,SEC,49,2,40140395723,401403957,Alabama,401403957104988701,SEC,27,1,Jarquez Hunter run for 27 yds to the Alab 47 for a 1ST down,2022-11-27T00:04:40.000Z,2022,13,regular,neither,6.3,Successful,true,false,Jarquez Hunter,,,,,,,,,,,,,,,,,,,,,,,,,,,,,,,,,,,
Alabama,Auburn,4,1,23,4,Sack,47,10,-5,47,false,Auburn,0:57,SEC,49,2,40140395723,401403957,Alabama,401403957104994201,SEC,27,1,Robby Ashford sacked by Will Anderson Jr. for a loss of 5 yards to the Aub 48,2022-11-27T00:05:15.000Z,2022,13,regular,neither,5.0,Unsuccessful,false,false,,Robby Ashford,,,Will Anderson Jr.,,,,,,,,,,,,,,,,,,,,,,,,,,,,,,,
Alabama,Auburn,4,2,23,5,Pass Incompletion,52,15,0,52,false,Auburn,0:52,SEC,49,2,40140395723,401403957,Alabama,401403957104994701,SEC,27,1,Robby Ashford pass incomplete,2022-11-27T00:05:41.000Z,2022,13,regular,neither,10.5,Unsuccessful,false,false,,Robby Ashford,No Data,,,,,,,,,,,,,,,,,,,,,,,,,,,,,,,,,
Alabama,Auburn,4,3,23,6,Sack,52,15,-8,52,false,Auburn,0:40,SEC,49,2,40140395723,401403957,Alabama,401403957104995901,SEC,27,1,Robby Ashford sacked by Henry To'oTo'o and Jamil Burroughs for a loss of 8 yards to the Aub 40,2022-11-27T00:07:44.000Z,2022,13,regular,neither,15,Unsuccessful,false,false,,Robby Ashford,,,Henry To'oTo'o,,,,,,,,,,,,,,,,,,,,,,,,,,,,,,,
Alabama,Auburn,4,4,23,7,Penalty,60,23,-5,60,false,Auburn,0:05,SEC,49,2,40140395723,401403957,Alabama,401403957104999401,SEC,27,1,"AUBURN Penalty, Delay of Game (-5 Yards) to the Aub 35",2022-11-27T00:07:55.000Z,2022,13,regular,neither,23,Penalty,false,false,,,,,,,,,,,,,,,,,,,,,,,,,Delay Of Game,enforced,Auburn,No data,,,,,,,,
